,Cooling System 1 Flow,Fuel System 2  Injector Flow,Cooling System 2 Flow,Fuel System 1  Injector Flow,Fuel System 2  Service Flow,Fuel System 1  Service Flow,Fuel System 1  HP Relief Flow,Fuel System 2  HP Relief Flow
0,6.453,7.144,6.666,6.884,10.531,11.111,5.883,6.666
1,6.453,7.144,6.666,7.142,10.522,10.524,5.883,6.666
2,6.453,7.406,6.666,7.142,10.526,10.524,5.882,6.666
3,6.249,7.406,6.668,7.142,10.526,11.111,5.882,6.669
4,6.249,7.406,6.668,6.897,10.531,11.111,5.882,6.669
5,6.249,7.41,6.668,6.897,10.531,10.526,5.882,6.669
6,6.452,7.41,6.666,6.896,10.522,10.526,5.883,6.665
7,6.452,7.41,6.666,6.896,10.522,11.111,5.883,6.665
8,6.452,7.143,6.666,6.896,10.526,10.528,5.883,6.665
9,6.452,7.143,6.666,7.073,10.526,10.528,6.053,6.897
10,6.251,7.143,6.45,7.073,10.531,11.111,6.053,6.897
11,6.251,7.692,6.45,7.073,10.531,11.111,6.053,6.897
12,6.251,7.692,6.45,6.962,10.52,10.524,5.891,6.666
13,6.348,7.408,6.668,6.962,10.52,10.524,5.891,6.666
14,6.348,7.408,6.668,6.962,10.522,11.111,5.891,6.666
15,6.348,7.408,6.668,6.897,10.522,11.111,5.891,6.667
16,6.353,7.407,6.658,6.897,10.535,11.111,6.058,6.667
17,6.353,7.407,6.658,6.897,10.535,11.111,6.058,6.667
18,6.353,7.407,6.658,6.896,10.526,10.935,6.058,6.896
19,6.248,7.141,6.459,6.896,10.526,10.687,6.052,6.896
20,6.248,7.141,6.459,6.896,10.522,10.687,6.052,6.896
21,6.248,7.141,6.459,7.143,10.531,11.111,6.052,6.897
22,6.452,7.143,6.455,7.143,10.531,11.111,5.89,6.897
23,6.452,7.143,6.455,7.143,10.524,11.109,5.89,6.897
24,6.452,7.143,6.455,6.897,10.524,11.109,5.89,6.669
25,6.249,7.143,6.666,6.897,10.528,10.526,5.89,6.669
26,6.249,7.143,6.666,6.897,10.528,10.526,6.063,6.669
27,6.249,7.142,6.666,6.896,10.528,11.116,6.063,6.668
28,6.249,7.142,6.451,6.896,10.528,11.116,6.063,6.668
29,6.447,7.142,6.451,6.897,10.524,10.524,5.88,6.668
30,6.447,7.41,6.451,6.897,10.524,11.106,5.88,6.667
31,6.447,7.41,6.656,6.897,10.522,11.106,5.88,6.667
32,6.255,7.41,6.656,6.899,10.522,10.531,6.059,6.667
33,6.255,7.406,6.656,6.899,10.531,10.531,6.059,6.625
34,6.255,7.406,6.459,6.899,10.531,11.106,6.059,6.625
35,6.251,6.897,6.459,6.894,10.526,11.106,6.059,6.625
36,6.251,6.897,6.459,6.894,10.526,10.528,6.063,6.708
37,6.251,6.897,6.455,6.894,10.528,10.528,6.063,6.708
38,6.254,7.376,6.455,6.885,11.042,11.114,6.063,6.708
39,6.254,7.376,6.455,6.885,11.042,11.114,6.06,6.665
40,6.254,7.376,6.632,6.885,10.583,10.524,6.06,6.665
41,6.447,7.17,6.632,6.679,10.583,10.524,6.06,6.897
42,6.447,7.17,6.632,6.679,10.531,11.114,6.251,6.897
43,6.447,7.17,6.483,6.679,10.531,10.524,6.251,6.897
44,6.254,7.143,6.483,6.864,10.531,10.524,6.251,6.896
45,6.254,7.143,6.483,6.864,10.531,11.114,5.882,6.896
46,6.254,7.408,6.452,6.864,10.522,11.114,5.882,6.896
47,6.254,7.408,6.452,6.697,10.522,11.087,5.882,6.897
48,6.245,7.408,6.452,6.697,10.531,11.087,5.882,6.897
49,6.245,7.41,6.452,6.697,10.531,10.548,6.175,6.897
50,6.245,7.41,6.452,6.668,10.522,10.548,6.175,6.9
51,6.252,7.41,6.452,6.668,10.522,11.111,6.175,6.9
52,6.252,7.143,6.666,6.668,10.526,11.111,5.95,6.9
53,6.252,7.143,6.666,6.896,10.526,10.526,5.95,6.895
54,6.249,7.143,6.666,6.896,10.526,11.118,5.95,6.895
55,6.249,7.143,6.452,6.896,10.526,11.118,6.061,6.895
56,6.249,7.143,6.452,6.665,10.522,10.522,6.061,6.895
57,6.251,7.143,6.452,6.665,11.111,10.522,6.061,6.895
58,6.251,7.144,6.452,6.665,11.111,11.111,6.061,6.895
59,6.251,7.144,6.451,6.897,10.531,11.111,6.061,6.898
60,6.452,7.141,6.451,6.897,10.531,10.526,6.061,6.898
61,6.452,7.141,6.451,6.897,10.522,10.526,6.061,6.898
62,6.452,7.141,6.666,6.842,10.522,11.111,6.061,6.895
63,6.452,7.143,6.666,6.842,10.531,11.111,6.061,6.895
64,6.248,7.143,6.666,6.842,10.531,11.111,6.061,6.895
65,6.248,7.143,6.452,6.719,10.528,11.111,5.881,6.666
66,6.248,7.142,6.452,6.719,10.528,10.528,5.881,6.666
67,6.252,7.142,6.452,6.719,10.522,11.111,5.881,6.666
68,6.252,7.142,6.666,6.895,10.522,11.111,5.881,6.668
69,6.252,7.141,6.666,6.895,10.528,11.109,6.06,6.668
70,6.248,7.141,6.666,6.895,10.528,11.109,6.06,6.668
71,6.248,7.402,6.667,6.897,10.526,10.528,6.06,6.666
72,6.248,7.402,6.667,6.897,10.526,10.528,6.061,6.666
73,6.251,7.402,6.667,6.897,10.522,11.111,6.061,6.666
74,6.251,7.416,6.452,6.897,10.528,11.111,6.061,6.667
75,6.251,7.416,6.452,6.897,10.528,10.561,6.063,6.667
76,6.25,7.416,6.452,6.667,10.759,10.561,6.063,6.667
77,6.25,7.142,6.454,6.667,10.759,11.07,6.063,6.899
78,6.25,7.142,6.454,6.667,10.859,10.526,6.063,6.899
79,6.251,7.142,6.454,6.45,10.859,10.526,6.061,6.899
80,6.251,7.408,6.665,6.45,10.528,11.114,6.061,6.665
81,6.251,7.408,6.665,6.45,10.528,11.114,6.061,6.665
82,6.251,7.405,6.665,6.45,10.524,10.526,5.88,6.665
83,6.452,7.405,6.452,6.668,10.524,10.526,5.88,6.668
84,6.452,7.405,6.452,6.668,10.535,11.114,5.88,6.668
85,6.452,7.408,6.452,6.668,10.535,11.114,6.061,6.668
86,6.249,7.408,6.668,6.667,10.541,11.087,6.061,6.667
87,6.249,7.408,6.668,6.667,10.541,11.087,6.061,6.667
88,6.249,7.142,6.668,6.667,10.505,10.541,6.061,6.667
89,6.452,7.142,6.452,6.667,10.505,10.541,6.061,6.668
90,6.452,7.142,6.452,6.667,10.535,10.533,6.061,6.668
91,6.452,7.408,6.452,6.897,10.524,11.099,6.061,6.668
92,6.249,7.408,6.666,6.897,10.524,11.099,6.061,6.893
93,6.249,7.144,6.666,6.897,10.52,11.116,6.061,6.893
94,6.249,7.144,6.666,6.893,10.52,11.116,6.061,6.897
95,6.452,7.144,6.453,6.893,11.121,10.531,6.239,6.897
96,6.452,7.145,6.453,6.893,11.121,10.531,6.239,6.897
97,6.452,7.145,6.453,6.672,10.518,11.104,6.239,7.144
98,6.25,7.145,6.651,6.672,10.518,11.104,6.069,7.144
99,6.25,7.405,6.651,6.672,10.526,10.526,6.069,7.144
100,6.25,7.405,6.651,6.895,10.526,10.526,6.069,6.752
101,6.425,7.414,6.465,6.895,10.533,11.111,6.226,6.752
102,6.425,7.414,6.465,6.895,10.533,10.528,6.226,6.752
103,6.425,7.414,6.465,6.896,10.522,10.528,6.226,6.809
104,6.425,7.398,6.453,6.896,10.522,11.109,6.226,6.809
105,6.276,7.398,6.453,6.896,10.52,11.109,5.905,6.809
106,6.276,7.398,6.453,7.141,10.52,11.114,5.905,6.897
107,6.276,7.691,6.665,7.141,10.535,11.114,5.905,6.897
108,6.25,7.691,6.665,7.141,10.524,10.526,5.882,6.897
109,6.25,7.691,6.665,6.895,10.524,10.526,5.882,6.452
110,6.25,7.385,6.452,6.895,10.526,11.111,5.882,6.452
111,6.248,7.385,6.452,6.895,10.526,11.111,5.882,6.452
112,6.248,7.169,6.452,6.673,10.531,11.097,6.059,6.667
113,6.248,7.169,6.452,6.673,10.531,10.537,6.059,6.667
114,6.453,7.169,6.452,6.673,11.101,10.537,6.059,6.667
115,6.453,7.396,6.452,6.894,11.101,11.111,6.061,6.896
116,6.453,7.396,6.452,6.894,10.533,11.111,6.061,6.896
117,6.25,7.396,6.665,6.894,10.533,11.114,6.061,6.896
118,6.25,7.153,6.665,7.143,10.531,11.114,6.061,6.895
119,6.25,7.153,6.665,7.143,10.531,10.526,6.061,6.895
120,6.25,7.153,6.452,6.899,10.518,10.526,6.061,6.895
121,6.25,7.143,6.452,6.899,10.518,11.109,6.063,6.898
122,6.25,7.143,6.452,6.899,10.533,11.109,6.063,6.898
123,6.25,7.406,6.452,6.897,10.533,10.531,6.063,6.898
124,6.452,7.406,6.452,6.897,10.526,11.109,6.063,6.799
125,6.452,7.406,6.452,6.897,10.52,11.109,6.061,6.799
126,6.452,7.408,6.667,6.668,10.52,10.526,6.061,6.799
127,6.249,7.408,6.667,6.668,10.533,10.526,6.061,6.761
128,6.249,7.408,6.667,6.668,10.533,11.118,6.061,6.761
129,6.249,7.175,6.669,6.895,10.526,11.118,6.061,6.761
130,6.25,7.175,6.669,6.895,10.526,10.522,6.061,6.897
131,6.25,7.175,6.669,6.895,10.52,10.522,6.058,6.897
132,6.25,7.374,6.45,6.667,10.52,11.111,6.058,6.897
133,6.251,7.374,6.45,6.667,10.533,11.111,6.058,6.666
134,6.251,7.142,6.45,6.667,10.533,11.094,6.058,6.666
135,6.251,7.142,6.668,7.142,10.518,11.094,6.249,6.666
136,6.45,7.142,6.668,7.142,10.518,10.546,6.249,6.667
137,6.45,7.407,6.668,7.142,11.116,11.099,6.249,6.667
138,6.45,7.407,6.451,6.897,11.116,11.099,5.875,6.667
139,6.45,7.407,6.451,6.897,10.528,10.533,5.875,6.897
140,6.252,7.407,6.451,6.897,10.528,10.533,5.875,6.897
141,6.252,7.407,6.663,6.894,10.522,11.111,6.07,6.693
142,6.252,7.406,6.663,6.894,10.526,11.111,6.07,6.693
143,6.249,7.406,6.663,6.894,10.526,10.528,6.07,6.693
144,6.249,7.406,6.453,6.897,10.531,10.528,6.07,6.866
145,6.249,7.143,6.453,6.897,10.531,11.111,5.883,6.866
146,6.452,7.143,6.453,6.897,10.522,11.111,5.883,6.866
147,6.452,7.143,6.661,6.669,10.522,10.526,5.883,6.656
148,6.452,7.405,6.661,6.669,10.533,11.109,5.881,6.656
149,6.25,7.405,6.661,6.669,10.533,11.109,5.881,6.656
150,6.25,7.405,6.457,6.663,10.524,10.526,5.881,6.679
151,6.25,7.144,6.457,6.663,10.524,10.526,6.061,6.679
152,6.25,7.144,6.457,6.663,10.522,11.109,6.061,6.679
153,6.25,7.41,6.667,6.898,10.522,11.109,6.061,6.668
154,6.25,7.41,6.667,6.898,10.531,10.526,6.061,6.668
155,6.25,7.41,6.667,6.898,10.531,10.526,6.251,6.668
156,6.249,7.408,6.666,6.897,10.526,11.051,6.251,6.665
157,6.249,7.408,6.666,6.897,10.526,11.051,6.251,6.665
158,6.249,7.408,6.666,6.898,11.077,10.583,6.25,6.665
159,6.251,7.407,6.453,6.898,11.077,10.583,6.25,6.665
160,6.251,7.407,6.453,6.898,10.559,10.526,6.25,6.666
161,6.251,7.407,6.453,6.893,10.526,11.116,6.062,6.666
162,6.375,7.14,6.666,6.893,10.526,11.116,6.062,6.897
163,6.375,7.14,6.666,6.893,10.522,10.524,6.062,6.897
164,6.375,7.407,6.666,6.9,10.522,10.524,6.058,6.897
165,6.13,7.407,6.452,6.9,10.531,11.114,6.058,6.898
166,6.13,7.407,6.452,6.9,10.531,11.114,6.058,6.898
167,6.13,7.144,6.452,6.891,11.106,11.109,6.058,6.898
168,6.451,7.144,6.667,6.891,11.106,11.109,6.251,6.897
169,6.451,7.144,6.667,6.891,10.526,10.528,6.251,6.897
170,6.451,7.404,6.667,6.9,10.526,10.528,6.251,6.897
171,6.25,7.404,6.451,6.9,10.531,11.097,6.061,6.897
172,6.25,7.404,6.451,6.9,10.531,11.097,6.061,6.897
173,6.25,7.146,6.451,6.899,10.522,10.533,6.061,6.897
174,6.25,7.146,6.667,6.899,10.522,10.524,5.882,6.664
175,6.251,7.41,6.667,6.899,10.524,10.524,5.882,6.664
176,6.251,7.41,6.667,6.897,11.101,11.111,5.882,6.664
177,6.251,7.41,6.667,6.897,11.101,11.111,5.882,6.872
178,6.451,7.142,6.452,6.897,10.537,10.522,5.882,6.872
179,6.451,7.142,6.452,6.894,10.537,10.522,5.882,6.872
180,6.451,7.142,6.452,6.894,10.531,10.531,5.882,6.69
181,6.251,6.897,6.45,6.894,10.531,10.531,6.061,6.69
182,6.251,6.897,6.45,6.668,10.524,11.111,6.061,6.69
183,6.251,6.897,6.45,6.668,10.524,11.111,6.061,6.666
184,6.249,7.406,6.455,6.668,10.522,10.526,5.883,6.666
185,6.249,7.406,6.455,6.897,10.522,11.109,5.883,6.666
186,6.249,7.402,6.455,6.897,10.533,11.109,5.883,6.899
187,6.448,7.402,6.667,6.897,10.533,11.101,5.883,6.899
188,6.448,7.402,6.667,6.668,10.526,11.101,6.062,6.899
189,6.448,7.147,6.667,6.668,10.526,10.539,6.062,6.897
190,6.249,7.147,6.452,6.668,10.52,10.539,6.062,6.897
191,6.249,7.147,6.452,6.665,10.52,11.109,5.88,6.897
192,6.249,7.143,6.452,6.665,10.528,11.109,5.88,6.668
193,6.249,7.143,6.667,7.143,11.087,10.531,5.88,6.668
194,6.255,7.143,6.667,7.143,11.087,10.531,6.061,6.668
195,6.255,7.143,6.667,7.143,10.546,10.718,6.061,6.667
196,6.255,7.143,6.452,7.144,10.546,10.718,6.061,6.667
197,6.249,7.143,6.452,7.144,10.531,10.903,6.061,6.667
198,6.249,7.144,6.452,7.144,10.531,10.903,6.061,6.895
199,6.249,7.144,6.449,6.896,10.526,10.528,6.061,6.895
200,6.452,7.143,6.449,6.896,10.526,11.111,6.061,6.895
201,6.452,7.143,6.449,6.896,10.524,11.111,6.061,6.668
202,6.452,7.143,6.667,6.897,10.524,10.526,6.061,6.668
203,6.451,7.143,6.667,6.897,10.531,10.526,6.061,6.668
204,6.451,7.143,6.667,6.897,10.531,11.109,6.061,6.877
205,6.451,7.143,6.452,6.896,10.52,11.109,6.061,6.877
206,6.25,7.143,6.452,6.896,10.52,10.526,6.061,6.877
207,6.25,7.143,6.452,6.896,10.528,10.526,6.061,6.683
208,6.25,7.143,6.668,6.897,10.528,11.116,6.057,6.683
209,6.251,7.405,6.668,6.897,10.528,11.116,6.057,6.897
210,6.251,7.405,6.668,6.897,10.522,11.101,6.057,6.897
211,6.251,7.405,6.451,6.895,10.522,10.531,6.063,6.897
212,6.251,7.144,6.451,6.895,10.528,10.531,6.063,6.897
213,6.25,7.144,6.451,6.895,10.528,11.109,6.063,6.897
214,6.25,7.142,6.452,6.897,11.111,11.109,6.059,6.897
215,6.25,7.142,6.452,6.897,11.111,10.524,6.059,6.896
216,6.251,7.142,6.452,6.897,9.998,10.524,6.059,6.896
217,6.251,7.412,6.666,6.895,9.998,11.118,6.059,6.896
218,6.251,7.412,6.666,6.895,10.528,11.118,6.062,6.668
219,6.45,7.412,6.666,6.896,10.528,10.528,6.062,6.668
220,6.45,7.142,6.663,6.896,11.101,10.528,6.062,6.668
221,6.45,7.142,6.663,6.896,11.101,11.111,6.06,6.892
222,6.452,7.142,6.663,6.9,10.533,11.111,6.06,6.892
223,6.452,7.408,6.455,6.9,10.533,10.526,6.06,6.892
224,6.452,7.408,6.455,6.9,10.533,11.111,6.053,6.671
225,6.25,7.142,6.455,6.894,10.533,11.111,6.053,6.671
226,6.25,7.142,6.668,6.894,10.524,10.522,6.053,6.671
227,6.25,7.142,6.668,6.894,10.524,10.522,6.064,6.665
228,6.248,7.404,6.668,6.896,10.524,11.114,6.064,6.665
229,6.248,7.404,6.668,6.896,10.533,11.114,6.064,6.665
230,6.248,7.404,6.448,6.896,10.533,11.111,6.064,6.668
231,6.248,7.144,6.448,7.148,10.522,11.111,6.062,6.668
232,6.252,7.144,6.448,7.148,10.522,10.526,6.062,6.668
233,6.252,7.144,6.454,7.148,10.522,10.526,6.062,6.897
234,6.252,7.143,6.454,7.144,10.522,11.104,5.717,6.897
235,6.452,7.143,6.454,7.144,10.535,10.533,5.717,6.897
236,6.452,7.408,6.668,7.144,10.535,10.533,5.717,6.895
237,6.452,7.408,6.668,6.894,10.524,11.111,5.717,6.895
238,6.451,7.408,6.668,6.894,10.524,11.111,5.883,6.895
239,6.451,7.407,6.451,7.142,10.52,10.531,5.883,6.897
240,6.451,7.407,6.451,7.142,10.52,10.531,5.883,6.897
241,6.251,7.407,6.451,7.142,10.533,11.109,5.883,6.897
242,6.251,7.142,6.659,6.897,10.533,11.109,5.883,7.145
243,6.251,7.142,6.659,6.897,10.524,11.109,5.883,7.145
244,6.25,7.142,6.659,6.897,11.087,11.109,5.88,7.145
245,6.25,7.146,6.46,6.896,11.087,11.114,5.88,6.897
246,6.25,7.146,6.46,6.896,10.548,11.109,5.88,6.897
247,6.451,7.14,6.46,6.896,10.548,11.109,5.88,6.893
248,6.451,7.14,6.666,6.897,10.524,11.106,5.882,6.893
249,6.451,7.14,6.666,6.897,10.524,11.106,5.882,6.893
250,6.451,7.142,6.666,6.897,10.528,10.528,5.882,6.893
251,6.251,7.142,6.668,6.895,10.528,10.528,6.061,6.452
252,6.251,7.142,6.668,6.895,10.531,11.109,6.061,6.452
253,6.251,7.143,6.668,6.895,10.531,11.109,6.061,6.452
254,6.25,7.143,6.452,6.898,10.526,10.524,6.061,6.668
255,6.25,7.143,6.452,6.898,10.526,10.524,6.061,6.668
256,6.25,7.143,6.452,6.898,10.141,10.528,6.061,6.668
257,6.249,7.143,6.666,6.897,10.141,11.111,6.061,6.451
258,6.249,7.143,6.666,6.897,10.94,11.111,6.061,6.451
259,6.249,7.143,6.666,6.897,10.94,11.111,6.061,6.451
260,6.452,7.143,6.45,6.666,10.522,11.111,6.061,6.897
261,6.452,7.385,6.45,6.666,10.522,10.528,6.059,6.897
262,6.452,7.385,6.45,6.666,10.522,10.528,6.059,6.897
263,6.251,7.385,6.666,6.895,10.533,11.106,6.059,6.897
264,6.251,7.167,6.666,6.895,10.533,11.106,5.882,6.897
265,6.251,7.167,6.666,6.895,10.516,10.531,5.882,6.617
266,6.25,7.167,6.452,7.144,10.516,10.531,5.882,6.617
267,6.25,7.692,6.452,7.144,10.535,11.111,5.882,6.617
268,6.25,7.692,6.452,7.121,10.535,11.111,6.06,6.617
269,6.25,7.369,6.453,7.121,11.116,10.524,6.06,6.552
270,6.252,7.369,6.453,7.121,11.116,11.111,6.06,6.552
271,6.252,7.369,6.453,6.918,10.0,11.111,6.063,6.552
272,6.252,7.177,6.668,6.918,10.0,10.526,6.063,6.613
273,6.247,7.177,6.668,6.918,10.524,10.526,6.063,6.613
274,6.247,7.177,6.668,6.895,10.524,11.114,5.882,6.897
275,6.247,7.407,6.603,6.895,11.099,11.114,5.882,6.897
276,6.251,7.407,6.603,6.895,11.099,10.524,5.882,6.897
277,6.251,7.407,6.603,6.668,10.537,10.524,5.882,6.666
278,6.251,7.144,6.512,6.668,10.537,11.109,6.061,6.666
279,6.251,7.144,6.512,6.668,10.522,11.109,6.061,6.666
280,6.251,7.144,6.512,6.897,10.522,10.528,6.061,7.141
281,6.251,7.143,6.453,6.897,10.008,11.111,6.058,7.141
282,6.437,7.143,6.453,6.897,10.516,11.111,6.058,7.141
283,6.437,7.145,6.453,6.667,10.516,10.528,6.058,6.667
284,6.437,7.145,6.666,6.667,11.116,10.528,5.884,6.667
285,6.437,7.145,6.666,6.667,11.116,11.116,5.884,6.667
286,6.264,7.404,6.666,6.897,10.531,11.116,5.884,6.668
287,6.264,7.404,6.449,6.897,10.531,10.524,5.884,6.668
288,6.264,7.404,6.449,6.897,10.52,10.524,6.062,6.668
289,6.25,7.411,6.449,6.898,10.52,11.097,6.062,6.86
290,6.25,7.411,6.449,6.898,10.531,11.097,6.062,6.86
291,6.25,7.404,6.667,6.898,10.531,10.537,5.882,6.86
292,6.249,7.404,6.667,6.897,10.524,10.537,5.882,6.701
293,6.249,7.404,6.667,6.897,10.524,10.87,5.882,6.701
294,6.249,7.143,6.599,6.897,10.522,10.759,6.248,6.701
295,6.25,7.143,6.599,6.897,10.522,10.759,6.248,6.454
296,6.25,7.143,6.599,6.897,10.535,11.109,6.248,6.454
297,6.25,7.143,6.517,6.897,11.089,11.109,6.248,6.454
298,6.245,7.143,6.517,6.897,11.089,10.526,5.882,6.667
299,6.245,7.143,6.517,6.897,10.541,10.526,5.882,6.667
300,6.245,7.407,6.668,6.896,10.541,11.111,5.882,6.667
301,6.245,7.407,6.668,6.896,10.531,11.111,5.872,6.898
302,6.255,7.407,6.668,6.896,10.531,11.111,5.872,6.898
303,6.255,7.143,6.452,7.143,10.52,11.111,5.872,6.898
304,6.255,7.143,6.452,7.143,10.52,10.524,5.872,6.888
305,6.307,7.408,6.452,7.143,10.524,11.111,5.726,6.888
306,6.307,7.408,6.452,6.896,10.524,11.111,5.726,6.888
307,6.307,7.408,6.452,6.896,10.535,10.994,5.726,6.672
308,6.392,7.406,6.452,6.896,10.535,10.994,6.062,6.672
309,6.392,7.406,6.666,7.146,10.522,10.636,6.062,6.672
310,6.392,7.406,6.666,7.146,10.522,10.636,6.062,6.665
311,6.445,7.143,6.666,7.146,10.524,11.111,5.882,6.665
312,6.445,7.143,6.668,6.664,10.524,11.111,5.882,6.665
313,6.445,7.143,6.668,6.664,10.533,10.528,5.882,6.668
314,6.256,7.143,6.668,6.664,10.533,10.528,5.882,6.668
315,6.256,7.143,6.449,6.896,10.52,11.106,6.061,6.668
316,6.256,7.143,6.449,6.896,10.528,11.106,6.061,6.898
317,6.228,7.143,6.449,6.896,10.528,10.531,6.061,6.898
318,6.228,7.143,6.667,6.667,10.526,11.106,6.059,6.898
319,6.228,7.142,6.667,6.667,10.526,11.106,6.059,6.896
320,6.228,7.142,6.667,6.667,11.111,11.109,6.059,6.896
321,6.271,7.142,6.454,6.899,11.111,11.109,6.061,6.896
322,6.271,7.145,6.454,6.899,10.528,11.109,6.061,6.667
323,6.271,7.145,6.454,6.899,10.528,11.109,6.061,6.667
324,6.25,7.145,6.45,6.502,10.522,10.528,6.061,6.667
325,6.25,7.144,6.45,6.502,10.522,10.528,5.883,6.667
326,6.25,7.144,6.45,6.502,10.524,11.109,5.883,6.667
327,6.45,7.144,6.667,6.835,10.524,11.109,5.883,6.667
328,6.45,7.141,6.667,6.835,10.535,10.526,6.06,6.665
329,6.45,7.141,6.667,6.835,10.535,11.111,6.06,6.665
330,6.252,6.897,6.452,6.898,10.526,11.111,6.06,6.665
331,6.252,6.897,6.452,6.898,10.526,10.563,6.062,6.897
332,6.252,6.897,6.452,7.143,10.52,10.563,6.062,6.897
333,6.25,7.148,6.668,7.143,11.058,11.073,6.062,6.897
334,6.25,7.148,6.668,7.143,11.058,11.073,6.248,6.896
335,6.25,7.148,6.668,6.897,10.047,10.524,6.248,6.896
336,6.252,7.399,6.452,6.897,10.047,10.524,6.248,6.896
337,6.252,7.399,6.452,6.897,10.522,11.114,6.248,6.668
338,6.252,7.399,6.452,7.143,10.522,11.114,5.882,6.668
339,6.252,7.144,6.661,7.143,11.097,10.522,5.882,6.668
340,6.249,7.144,6.661,7.143,11.097,11.118,5.882,6.668
341,6.249,7.144,6.661,6.895,10.443,11.118,6.061,6.668
342,6.249,7.143,6.457,6.895,10.443,10.522,6.061,6.668
343,6.443,7.143,6.457,6.895,10.093,10.522,6.061,6.451
344,6.443,7.406,6.457,6.897,10.093,11.114,6.061,6.451
345,6.443,7.406,6.457,6.897,11.114,11.114,5.884,6.451
346,6.459,7.406,6.448,6.897,11.114,11.111,5.884,6.668
347,6.459,7.405,6.448,6.872,10.494,11.111,5.884,6.668
348,6.459,7.405,6.448,6.872,10.494,11.111,6.06,6.668
349,6.252,7.405,6.668,6.872,10.025,11.111,6.06,6.669
350,6.252,6.902,6.668,6.693,10.025,11.087,6.06,6.669
351,6.252,6.902,6.668,6.693,10.528,10.546,6.059,6.669
352,6.449,6.902,6.451,6.693,11.101,10.546,6.059,6.894
353,6.449,7.144,6.451,6.897,11.101,11.116,6.059,6.894
354,6.449,7.144,6.451,6.897,10.531,11.116,6.061,6.894
355,6.251,7.144,6.667,6.897,10.531,11.061,6.061,6.897
356,6.251,6.896,6.667,6.664,10.533,11.061,6.061,6.897
357,6.251,6.896,6.667,6.664,10.533,10.572,6.061,6.894
358,6.251,7.141,6.668,6.664,10.522,10.572,6.062,6.894
359,6.251,7.141,6.668,6.897,10.522,11.075,6.062,6.894
360,6.251,7.141,6.668,6.897,10.531,11.075,6.062,6.897
361,6.251,7.142,6.666,6.897,10.531,10.561,6.059,6.897
362,6.249,7.142,6.666,6.668,10.526,11.109,6.059,6.897
363,6.249,7.142,6.666,6.668,10.526,11.109,6.059,6.666
364,6.249,6.897,6.451,7.144,10.522,10.526,5.884,6.666
365,6.251,6.897,6.451,7.144,10.522,10.526,5.884,6.666
366,6.251,6.897,6.451,7.144,10.531,11.114,5.884,6.893
367,6.251,6.897,6.668,6.894,11.106,11.114,5.884,6.893
368,6.45,6.897,6.668,6.894,11.106,10.524,6.056,6.893
369,6.45,6.897,6.668,6.894,10.526,10.524,6.056,6.673
370,6.45,7.142,6.453,6.897,10.526,10.866,6.056,6.673
371,6.061,7.142,6.453,6.897,10.528,10.866,6.064,6.673
372,6.061,7.142,6.453,6.897,10.528,10.759,6.064,6.666
373,6.061,7.146,6.667,6.668,10.524,10.759,6.064,6.666
374,6.061,7.146,6.667,6.668,10.524,10.526,5.882,6.666
375,6.25,7.408,6.667,6.668,11.109,11.097,5.882,6.451
376,6.25,7.408,6.452,6.896,11.109,11.097,5.882,6.451
377,6.25,7.408,6.452,6.896,10.531,10.537,5.882,6.451
378,6.25,7.144,6.452,6.896,10.531,10.537,6.061,6.668
379,6.25,7.144,6.668,6.668,10.526,11.106,6.061,6.668
380,6.25,7.144,6.668,6.668,10.526,11.106,6.061,6.668
381,6.251,7.404,6.668,6.668,10.526,10.533,6.237,6.668
382,6.251,7.404,6.667,6.452,10.526,10.533,6.237,6.668
383,6.251,7.4,6.667,6.452,10.526,11.109,6.237,6.668
384,6.25,7.4,6.667,6.452,10.522,11.109,5.893,6.895
385,6.25,7.4,6.45,6.897,10.522,10.528,5.893,6.895
386,6.25,7.15,6.45,6.897,10.533,10.528,5.893,6.895
387,6.249,7.15,6.45,6.897,10.533,11.114,5.893,6.896
388,6.249,7.15,6.667,6.665,10.524,10.522,6.061,6.896
389,6.249,7.406,6.667,6.665,10.524,10.522,6.061,6.896
390,6.249,7.406,6.667,6.665,11.106,11.039,6.061,6.897
391,6.277,7.406,6.667,6.897,11.106,11.039,6.251,6.897
392,6.277,7.145,6.667,6.897,10.533,10.592,6.251,6.897
393,6.277,7.145,6.667,6.897,10.533,10.592,6.251,7.143
394,6.424,7.145,6.452,6.897,10.52,10.528,6.061,7.143
395,6.424,7.222,6.452,6.897,10.52,10.528,6.061,7.143
396,6.424,7.222,6.452,6.897,10.528,11.111,6.061,6.898
397,6.437,7.324,6.666,6.895,10.528,11.111,6.061,6.898
398,6.437,7.324,6.666,6.895,10.531,10.522,5.881,6.898
399,6.437,7.324,6.666,6.895,10.531,10.522,5.881,6.897
400,6.264,7.144,6.454,6.897,10.522,11.116,5.881,6.897
401,6.264,7.144,6.454,6.897,10.526,10.524,6.06,6.897
402,6.264,7.144,6.454,6.897,10.526,10.524,6.06,6.665
403,6.249,7.141,6.451,6.895,10.531,11.109,6.06,6.665
404,6.249,7.141,6.451,6.895,10.531,11.109,6.063,6.665
405,6.249,7.141,6.451,6.895,10.522,10.524,6.063,6.668
406,6.452,7.406,6.666,6.897,10.522,10.524,6.063,6.668
407,6.452,7.406,6.666,6.897,10.522,10.526,6.063,6.668
408,6.452,7.143,6.666,6.897,10.522,10.526,5.876,6.667
409,6.249,7.143,6.662,6.897,11.116,11.109,5.876,6.667
410,6.249,7.143,6.662,6.897,11.116,11.109,5.876,6.667
411,6.249,7.144,6.662,6.843,10.522,10.528,5.89,6.45
412,6.249,7.144,6.456,6.843,10.522,10.528,5.89,6.45
413,6.25,7.144,6.456,6.843,10.535,11.114,5.89,6.45
414,6.25,7.408,6.456,6.948,10.535,10.524,6.057,6.897
415,6.25,7.408,6.667,6.948,10.524,10.524,6.057,6.897
416,6.249,7.408,6.667,6.948,10.524,11.106,6.057,6.897
417,6.249,7.41,6.667,6.899,10.524,11.106,6.057,6.668
418,6.249,7.41,6.667,6.899,10.528,10.531,6.061,6.668
419,6.252,7.403,6.448,6.899,10.528,10.531,6.061,6.668
420,6.252,7.403,6.448,6.897,10.531,11.114,6.061,6.896
421,6.252,7.403,6.448,6.897,10.531,11.114,5.883,6.896
422,6.452,7.144,6.669,6.897,10.516,11.101,5.883,6.897
423,6.452,7.144,6.669,7.144,10.516,11.101,5.883,6.897
424,6.452,7.144,6.669,7.144,10.533,10.535,6.252,6.897
425,6.248,7.144,6.452,7.144,10.533,11.109,6.252,6.667
426,6.248,7.144,6.452,6.899,10.528,11.109,6.252,6.667
427,6.248,7.144,6.452,6.899,10.528,10.524,6.25,6.667
428,6.248,7.406,6.668,6.899,10.52,10.524,6.25,6.898
429,6.252,7.406,6.668,7.141,10.52,11.114,6.25,6.898
430,6.252,7.142,6.668,7.141,10.531,11.114,6.25,6.898
431,6.252,7.142,6.667,6.897,10.531,10.528,6.059,6.897
432,6.249,7.142,6.667,6.897,10.528,10.528,6.059,6.897
433,6.249,7.411,6.667,6.897,10.528,11.111,6.059,6.897
434,6.249,7.411,6.451,6.897,10.52,11.111,6.059,6.882
435,6.249,7.411,6.451,6.897,11.114,10.524,6.059,6.882
436,6.249,7.397,6.451,6.897,11.114,10.524,6.059,6.882
437,6.249,7.397,6.452,6.895,10.526,11.114,6.065,6.679
438,6.25,7.397,6.452,6.895,10.526,11.114,6.065,6.679
439,6.25,7.206,6.452,6.895,10.52,11.114,6.065,6.679
440,6.25,7.206,6.45,6.667,10.52,10.522,6.065,6.897
441,6.453,7.352,6.45,6.667,10.526,10.522,6.058,6.897
442,6.453,7.352,6.45,6.667,10.526,11.118,6.058,6.897
443,6.453,7.352,6.668,6.668,10.008,11.118,6.058,6.668
444,6.249,7.139,6.668,6.668,10.008,10.526,6.059,6.668
445,6.249,7.139,6.668,6.668,10.522,10.526,6.059,6.668
446,6.249,7.139,6.452,6.667,10.522,11.111,6.059,6.896
447,6.249,7.146,6.452,6.667,10.533,11.111,6.061,6.896
448,6.25,7.146,6.452,6.667,10.533,11.051,6.061,6.896
449,6.25,7.146,6.45,6.893,10.52,10.576,6.061,6.667
450,6.25,7.141,6.45,6.893,10.52,10.576,6.061,6.667
451,6.251,7.141,6.45,6.893,11.087,11.075,5.882,6.667
452,6.251,7.143,6.669,6.669,11.087,11.075,5.882,6.668
453,6.251,7.143,6.669,6.669,10.555,10.568,5.882,6.668
454,6.408,7.143,6.669,6.669,10.522,10.568,6.061,6.668
455,6.408,7.41,6.451,6.885,10.522,11.106,6.061,6.452
456,6.408,7.41,6.451,6.885,10.528,11.106,6.061,6.452
457,6.291,7.41,6.451,6.885,10.528,10.524,5.884,6.452
458,6.291,7.141,6.668,6.673,10.526,10.524,5.884,6.669
459,6.291,7.141,6.668,6.673,10.526,10.98,5.884,6.669
460,6.251,7.141,6.668,6.673,10.524,10.98,5.884,6.669
461,6.251,7.144,6.452,6.668,10.524,10.651,6.058,6.883
462,6.251,7.144,6.452,6.668,10.531,11.109,6.058,6.883
463,6.251,7.144,6.452,6.668,10.531,11.109,6.058,6.883
464,6.249,7.144,6.451,6.668,10.901,10.524,6.063,6.68
465,6.249,7.144,6.451,6.668,10.901,10.524,6.063,6.68
466,6.249,7.206,6.451,6.668,10.714,11.109,6.063,6.68
467,6.452,7.206,6.666,6.897,10.714,11.109,6.058,6.891
468,6.452,7.206,6.666,6.897,10.531,10.528,6.058,6.891
469,6.452,7.338,6.666,6.897,10.531,10.528,6.058,6.891
470,6.249,7.338,6.666,6.896,10.526,11.114,6.063,6.889
471,6.249,7.338,6.45,6.896,10.522,11.114,6.063,6.889
472,6.249,7.144,6.45,6.896,10.522,11.006,6.063,6.889
473,6.452,7.144,6.45,6.892,10.533,10.62,6.063,6.46
474,6.452,7.144,6.652,6.892,10.533,10.62,6.059,6.46
475,6.452,7.391,6.652,6.892,11.106,11.114,6.059,6.46
476,6.442,7.391,6.652,6.895,11.106,11.114,6.059,6.667
477,6.442,7.158,6.465,6.895,10.533,10.528,6.06,6.667
478,6.442,7.158,6.465,6.895,10.533,10.528,6.06,6.667
479,6.259,7.158,6.465,6.904,10.526,11.109,6.06,6.666
480,6.259,6.897,6.452,6.904,10.526,11.109,6.061,6.666
481,6.259,6.897,6.452,6.897,10.52,10.524,6.061,6.666
482,6.248,6.897,6.452,6.897,10.52,10.524,6.061,6.898
483,6.248,7.144,6.453,6.897,10.533,11.104,6.061,6.898
484,6.248,7.144,6.453,6.901,10.533,11.111,5.882,6.898
485,6.248,7.144,6.453,6.901,10.656,11.111,5.882,6.667
486,6.452,7.142,6.668,6.901,10.656,10.528,5.882,6.667
487,6.452,7.142,6.668,6.894,10.396,10.528,5.884,6.667
488,6.452,7.142,6.668,6.894,11.087,11.116,5.884,6.899
489,6.25,7.405,6.451,6.894,11.087,11.116,5.884,6.899
490,6.25,7.405,6.451,6.897,10.55,11.109,6.061,6.899
491,6.25,7.407,6.451,6.897,10.55,11.109,6.061,6.664
492,6.438,7.407,6.667,6.897,10.522,10.524,6.061,6.664
493,6.438,7.407,6.667,6.897,10.522,10.524,6.061,6.664
494,6.438,7.408,6.667,6.897,10.533,11.116,6.249,6.668
495,6.264,7.408,6.452,6.897,10.533,10.94,6.249,6.668
496,6.264,7.408,6.452,6.895,10.526,10.94,6.249,6.668
497,6.264,7.143,6.452,6.895,10.526,10.682,6.061,6.667
498,6.25,7.143,6.665,6.895,10.524,10.682,6.061,6.667
499,6.25,7.41,6.665,7.144,10.524,11.109,6.061,6.667
500,6.25,7.41,6.665,7.144,10.531,11.109,6.249,6.663
501,6.452,7.41,6.451,7.144,10.531,10.528,6.249,6.663
502,6.452,7.142,6.451,6.894,10.522,10.528,6.249,7.137
503,6.452,7.142,6.451,6.894,10.522,11.111,6.061,7.137
504,6.452,7.142,6.667,6.894,10.516,11.111,6.061,7.137
505,6.249,7.142,6.667,6.671,10.537,10.524,6.061,6.905
506,6.249,7.142,6.667,6.671,10.537,10.524,6.061,6.905
507,6.249,7.142,6.452,6.671,11.106,11.111,6.025,6.905
508,6.252,7.143,6.452,6.664,11.106,10.528,6.025,6.667
509,6.252,7.143,6.452,6.664,10.528,10.528,6.025,6.667
510,6.252,7.143,6.511,6.664,10.528,11.109,6.057,6.667
511,6.25,7.405,6.511,6.667,10.531,11.109,6.057,6.667
512,6.25,7.405,6.511,6.667,10.531,10.528,6.057,6.667
513,6.25,7.144,6.607,6.667,10.52,10.528,5.919,6.667
514,6.249,7.144,6.607,6.774,10.52,11.111,5.919,6.665
515,6.249,7.144,6.607,6.774,10.531,11.111,5.919,6.665
516,6.249,7.405,6.666,6.774,10.531,11.116,5.919,6.665
517,6.452,7.405,6.666,6.786,10.531,11.116,6.06,6.454
518,6.452,7.405,6.666,6.786,10.531,11.104,6.06,6.454
519,6.452,7.411,6.452,6.786,10.52,10.531,6.06,6.454
520,6.25,7.411,6.452,6.665,10.52,10.531,6.062,6.667
521,6.25,7.407,6.452,6.665,10.531,11.109,6.062,6.667
522,6.25,7.407,6.666,6.898,10.524,11.109,6.062,6.667
523,6.25,7.407,6.666,6.898,10.524,10.528,5.882,6.894
524,6.25,7.408,6.666,6.898,10.52,10.528,5.882,6.894
525,6.25,7.408,6.666,6.895,10.52,10.531,5.882,6.894
526,6.25,7.408,6.451,6.895,10.533,10.531,5.882,6.668
527,6.449,7.141,6.451,6.895,10.533,11.114,5.884,6.668
528,6.449,7.141,6.451,6.811,10.522,11.114,5.884,6.668
529,6.449,7.141,6.665,6.811,10.522,10.522,5.884,6.894
530,6.252,7.408,6.665,6.811,10.528,10.522,6.058,6.894
531,6.252,7.408,6.665,6.748,10.528,11.111,6.058,6.894
532,6.252,7.142,6.667,6.748,10.531,10.526,6.058,6.9
533,6.269,7.142,6.667,6.748,10.531,10.526,6.061,6.9
534,6.269,7.142,6.667,6.897,10.524,11.111,6.061,6.9
535,6.269,7.142,6.667,6.897,10.524,11.111,6.061,6.895
536,6.432,7.142,6.667,6.897,10.524,11.044,6.061,6.895
537,6.432,7.142,6.667,6.668,10.524,11.044,6.061,6.895
538,6.432,7.145,6.454,6.668,10.531,10.592,6.061,7.148
539,6.452,7.145,6.454,6.668,10.531,10.592,6.061,7.148
540,6.452,7.145,6.454,6.666,10.524,11.106,6.061,7.148
541,6.452,7.145,6.449,6.666,11.061,11.106,6.061,6.894
542,6.452,7.145,6.449,6.666,11.061,10.524,6.061,6.894
543,6.251,7.145,6.449,6.666,10.572,11.114,6.06,6.894
544,6.251,7.141,6.67,6.666,10.572,11.114,6.06,6.897
545,6.251,7.141,6.67,6.666,10.522,10.827,6.06,6.897
546,6.249,7.408,6.67,6.667,10.522,10.827,6.06,6.897
547,6.249,7.408,6.665,6.667,10.535,10.793,6.22,6.901
548,6.249,7.408,6.665,6.667,10.535,10.793,6.22,6.901
549,6.25,6.897,6.665,6.668,10.52,10.528,6.22,6.901
550,6.25,6.897,6.452,6.668,10.52,10.528,5.908,6.661
551,6.25,6.897,6.452,6.668,10.522,11.111,5.908,6.661
552,6.25,7.141,6.452,6.667,10.522,11.111,5.908,6.898
553,6.25,7.141,6.455,6.667,10.528,11.106,6.252,6.898
554,6.25,7.141,6.455,6.667,10.528,11.106,6.252,6.898
555,6.452,7.142,6.455,6.897,10.526,10.526,6.252,6.895
556,6.452,7.142,6.658,6.897,10.526,11.101,6.061,6.895
557,6.452,7.142,6.658,6.897,10.526,11.101,6.061,6.895
558,6.249,7.144,6.658,6.668,10.533,10.535,6.061,6.897
559,6.249,7.144,6.454,6.668,10.533,10.535,6.061,6.897
560,6.249,7.408,6.454,6.668,10.518,10.524,6.06,6.897
561,6.249,7.408,6.454,6.895,10.518,10.524,6.06,6.899
562,6.25,7.408,6.668,6.895,10.537,11.114,6.06,6.899
563,6.25,7.41,6.668,6.895,10.537,11.114,5.882,6.899
564,6.25,7.41,6.668,6.893,10.528,10.531,5.882,6.895
565,6.401,7.41,6.666,6.893,10.528,10.531,5.882,6.895
566,6.401,7.406,6.666,6.893,10.513,11.111,5.882,6.895
567,6.401,7.406,6.666,6.878,10.513,11.092,5.883,6.668
568,6.298,7.407,6.453,6.878,10.537,11.092,5.883,6.668
569,6.298,7.407,6.453,6.878,10.537,10.541,5.883,6.668
570,6.298,7.407,6.453,6.689,10.526,10.541,6.062,6.668
571,6.255,7.367,6.452,6.689,10.526,11.094,6.062,6.668
572,6.255,7.367,6.452,6.689,10.52,11.094,6.062,6.668
573,6.255,7.367,6.452,6.897,10.52,10.541,5.882,6.894
574,6.246,7.181,6.668,6.897,11.097,10.541,5.882,6.894
575,6.246,7.181,6.668,6.897,10.541,11.109,5.882,6.894
576,6.246,7.181,6.668,6.666,10.541,11.109,5.882,6.897
577,6.449,7.141,6.451,6.666,10.524,10.526,6.059,6.897
578,6.449,7.141,6.451,6.666,10.524,10.526,6.059,6.897
579,6.449,7.141,6.451,6.897,10.531,11.109,6.059,6.893
580,6.449,7.101,6.665,6.897,10.531,11.109,6.061,6.893
581,6.252,7.101,6.665,6.897,10.52,10.528,6.061,6.893
582,6.252,7.185,6.665,6.667,10.52,11.109,6.061,6.453
583,6.252,7.185,6.452,6.667,10.526,11.109,6.252,6.453
584,6.25,7.185,6.452,7.127,10.526,11.114,6.252,6.453
585,6.25,7.042,6.452,7.127,10.533,11.114,6.252,6.668
586,6.25,7.042,6.667,7.127,10.533,10.526,6.061,6.668
587,6.395,7.042,6.667,6.679,10.518,10.526,6.061,6.668
588,6.395,7.519,6.667,6.679,10.518,11.111,6.061,6.897
589,6.395,7.519,6.667,6.679,10.533,11.111,6.061,6.897
590,6.305,7.519,6.451,6.898,10.533,11.044,6.059,6.897
591,6.305,7.145,6.451,6.898,10.526,10.589,6.059,6.668
592,6.305,7.145,6.451,6.898,10.526,10.589,6.059,6.668
593,6.249,7.405,6.452,6.894,10.522,10.524,6.058,6.668
594,6.249,7.405,6.452,6.894,10.533,10.524,6.058,6.895
595,6.249,7.405,6.452,6.894,10.533,11.116,6.058,6.895
596,6.249,7.406,6.665,6.897,10.524,11.116,5.884,6.895
597,6.251,7.406,6.665,6.897,10.524,10.524,5.884,6.898
598,6.251,7.406,6.665,6.897,10.522,10.524,5.884,6.898
599,6.251,7.408,6.453,6.899,10.522,11.109,5.884,6.894
600,6.452,7.408,6.453,6.899,10.531,11.109,6.063,6.894
601,6.452,7.408,6.453,6.899,10.531,10.531,6.063,6.894
602,6.452,7.143,6.452,6.896,11.099,10.531,6.063,6.897
603,6.249,7.143,6.452,6.896,11.099,11.111,5.916,6.897
604,6.249,7.41,6.452,6.896,10.533,10.526,5.916,6.897
605,6.249,7.41,6.668,6.895,10.533,10.526,5.916,6.897
606,6.25,7.41,6.668,6.895,10.535,11.111,6.026,6.897
607,6.25,7.406,6.668,6.895,10.535,11.111,6.026,6.897
608,6.25,7.406,6.663,6.665,10.516,10.526,6.026,6.666
609,6.452,7.406,6.663,6.665,10.516,10.526,6.026,6.666
610,6.452,7.143,6.663,6.665,10.528,11.116,6.06,6.666
611,6.452,7.143,6.455,6.67,10.531,11.116,6.06,6.898
612,6.25,7.144,6.455,6.67,10.531,11.104,6.06,6.898
613,6.25,7.144,6.455,6.67,10.524,11.104,6.06,6.898
614,6.25,7.144,6.448,6.896,10.524,10.528,6.06,6.898
615,6.25,7.141,6.448,6.896,10.524,11.111,6.06,6.898
616,6.25,7.141,6.448,6.896,10.524,11.111,6.251,6.898
617,6.25,7.141,6.668,6.896,10.533,11.097,6.251,6.884
618,6.25,7.142,6.668,6.896,10.533,11.097,6.251,6.884
619,6.451,7.142,6.668,6.896,10.873,10.537,6.251,6.884
620,6.451,7.142,6.452,6.667,10.873,10.537,5.882,6.909
621,6.248,6.897,6.664,6.488,10.526,11.114,6.249,6.896
622,6.248,6.897,6.664,6.488,10.526,11.114,6.249,6.896
623,6.248,6.897,6.664,6.488,10.526,11.114,6.249,7.142
624,6.248,6.897,6.664,6.488,10.526,11.109,6.249,7.142
625,6.248,6.897,6.664,6.488,10.526,11.109,6.063,7.142
626,6.248,6.897,6.664,6.488,10.522,11.109,6.063,7.142
627,6.248,6.897,6.452,6.488,10.522,11.109,6.063,7.142
628,6.248,7.143,6.452,6.488,10.522,11.109,6.063,7.142
629,6.248,7.143,6.452,6.666,10.522,10.528,6.063,7.142
630,6.248,7.143,6.452,6.666,10.522,10.528,6.063,6.897
631,6.248,7.143,6.452,6.666,10.533,10.528,6.063,6.897
632,6.248,7.143,6.452,6.666,10.533,10.528,6.063,6.897
633,6.248,7.143,6.452,6.666,10.533,11.111,6.063,6.897
634,6.452,7.143,6.452,6.666,10.533,11.111,6.249,6.897
635,6.452,7.144,6.452,6.666,10.533,11.111,6.249,6.897
636,6.452,7.144,6.452,6.668,11.106,11.111,6.249,6.897
637,6.452,7.144,6.452,6.668,11.106,11.111,6.249,7.145
638,6.452,7.144,6.452,6.668,11.106,10.526,6.249,7.145
639,6.452,7.144,6.452,6.668,11.106,10.526,6.249,7.145
640,6.452,7.144,6.452,6.668,10.526,10.526,6.249,7.145
641,6.251,7.406,6.661,6.668,10.526,10.526,6.06,7.145
642,6.251,7.406,6.661,6.668,10.526,11.114,6.06,7.145
643,6.251,7.406,6.661,6.897,10.526,11.114,6.06,7.145
644,6.251,7.406,6.661,6.897,10.526,11.114,6.06,6.896
645,6.251,7.406,6.661,6.897,10.526,11.114,6.06,6.896
646,6.251,7.406,6.661,6.897,10.526,11.114,6.06,6.896
647,6.251,7.406,6.661,6.897,10.526,11.114,6.06,6.896
648,6.251,7.405,6.661,6.897,10.526,11.114,6.06,6.896
649,6.249,7.405,6.458,6.897,10.526,11.114,6.06,6.896
650,6.249,7.405,6.458,6.895,10.526,11.114,5.883,6.896
651,6.249,7.405,6.458,6.895,10.526,10.526,5.883,6.668
652,6.249,7.405,6.458,6.895,10.526,10.526,5.883,6.668
653,6.249,7.405,6.458,6.895,10.526,10.526,5.883,6.668
654,6.249,7.405,6.458,6.895,10.524,10.526,5.883,6.668
655,6.249,7.143,6.458,6.895,10.524,10.526,5.883,6.668
656,6.249,7.143,6.458,6.895,10.524,11.114,5.883,6.668
657,6.25,7.143,6.452,6.668,10.524,11.114,5.883,6.668
658,6.25,7.143,6.452,6.668,10.524,11.114,5.88,6.668
659,6.25,7.143,6.452,6.668,10.535,11.114,5.88,6.666
660,6.25,7.143,6.452,6.668,10.535,11.106,5.88,6.666
661,6.25,7.143,6.452,6.668,10.535,11.106,5.88,6.666
662,6.25,7.41,6.452,6.668,10.535,11.106,5.88,6.666
663,6.25,7.41,6.452,6.668,10.52,11.106,5.88,6.666
664,6.25,7.41,6.452,6.668,10.52,11.106,5.88,6.666
665,6.452,7.41,6.667,6.666,10.52,10.528,5.88,6.666
666,6.452,7.41,6.667,6.666,10.52,10.528,5.88,6.666
667,6.452,7.41,6.667,6.666,10.52,10.528,5.884,6.666
668,6.452,7.141,6.667,6.666,10.531,10.528,5.884,6.666
669,6.452,7.141,6.667,6.666,10.531,11.109,5.884,6.666
670,6.452,7.141,6.667,6.666,10.531,11.109,5.884,6.666
671,6.452,7.141,6.667,6.666,10.531,11.109,5.884,6.666
672,6.251,7.141,6.45,6.668,10.526,11.109,5.884,6.666
673,6.251,7.141,6.45,6.668,10.526,11.109,5.884,6.666
674,6.251,7.141,6.45,6.668,10.526,10.528,5.884,6.666
675,6.251,7.145,6.45,6.668,10.526,10.528,5.714,6.666
676,6.251,7.145,6.45,6.668,10.526,10.528,5.714,6.666
677,6.251,7.145,6.45,6.668,10.52,10.528,5.714,6.666
678,6.251,7.145,6.452,6.894,10.52,11.111,5.714,6.666
679,6.249,7.145,6.452,6.894,10.533,11.111,5.714,6.667
680,6.249,7.394,6.452,6.894,10.533,10.552,5.883,6.667
681,6.249,7.394,6.452,6.888,10.524,10.552,5.883,6.667
682,6.25,7.157,6.452,6.888,10.524,11.082,5.883,6.894
683,6.25,7.157,6.452,6.888,10.526,11.082,5.88,6.894
684,6.25,7.157,6.452,6.885,10.526,10.524,5.88,6.894
685,6.25,7.234,6.666,6.885,10.526,11.116,5.88,6.671
686,6.25,7.234,6.666,6.885,10.526,11.116,5.88,6.671
687,6.25,7.234,6.666,6.685,10.524,11.111,6.061,6.671
688,6.25,7.052,6.452,6.685,10.524,11.111,6.061,6.897
689,6.25,7.052,6.452,6.685,11.109,10.522,6.061,6.897
690,6.25,7.052,6.452,6.895,11.109,10.522,6.217,6.897
691,6.452,7.142,6.452,6.895,10.533,11.111,6.217,7.143
692,6.452,7.142,6.452,6.895,10.533,11.111,6.217,7.143
693,6.452,7.142,6.452,6.898,10.524,11.111,5.914,7.143
694,6.452,7.143,6.667,6.898,10.524,11.106,5.914,6.668
695,6.25,7.143,6.667,6.898,10.52,11.106,5.914,6.668
696,6.25,7.141,6.667,6.896,10.533,10.528,5.914,6.668
697,6.25,7.141,6.452,6.896,10.533,10.528,6.061,6.45
698,6.452,7.141,6.452,6.896,10.524,11.111,6.061,6.45
699,6.452,7.146,6.452,6.898,10.524,11.111,6.061,6.45
700,6.452,7.146,6.667,6.898,10.662,10.524,5.882,6.666
701,6.249,7.146,6.667,6.898,10.662,10.524,5.882,6.666
702,6.249,7.144,6.667,6.895,10.957,11.114,5.882,6.666
703,6.249,7.144,6.452,6.895,10.957,11.114,6.06,6.896
704,6.249,7.144,6.452,6.895,10.533,11.099,6.06,6.896
705,6.249,7.142,6.452,6.896,10.533,11.099,6.06,6.894
706,6.249,7.142,6.645,6.896,10.016,10.535,6.06,6.894
707,6.25,7.408,6.645,6.9,10.016,11.111,5.882,6.894
708,6.25,7.408,6.645,6.9,11.094,11.111,5.882,6.67
709,6.25,7.408,6.469,6.9,11.094,11.111,5.882,6.67
710,6.25,7.141,6.469,6.897,9.998,11.111,6.245,6.67
711,6.251,7.141,6.469,6.897,9.998,10.528,6.245,6.668
712,6.251,7.141,6.452,6.897,11.111,10.528,6.245,6.668
713,6.251,7.142,6.452,6.666,10.505,11.109,6.067,6.668
714,6.25,7.142,6.452,6.666,10.505,11.109,6.067,6.897
715,6.25,7.142,6.454,6.666,10.548,11.111,6.067,6.897
716,6.25,7.145,6.454,6.668,10.548,11.111,6.067,6.897
717,6.251,7.145,6.454,6.668,10.533,10.526,5.882,6.666
718,6.251,7.145,6.451,6.668,10.533,11.114,5.882,6.666
719,6.251,7.142,6.451,6.665,10.52,11.114,5.882,6.666
720,6.451,7.142,6.451,6.665,10.52,11.111,5.881,6.667
721,6.451,7.385,6.668,6.665,10.531,11.111,5.881,6.667
722,6.451,7.385,6.668,6.668,10.531,10.524,5.881,6.667
723,6.251,7.385,6.668,6.668,10.526,10.524,6.061,6.668
724,6.251,7.167,6.451,6.668,10.526,11.114,6.061,6.668
725,6.251,7.167,6.451,6.666,10.522,11.114,6.061,6.668
726,6.249,7.167,6.451,6.666,10.522,10.524,6.061,6.894
727,6.249,7.139,6.451,6.666,10.531,10.524,6.06,6.894
728,6.249,7.139,6.452,6.668,10.531,11.118,6.06,6.894
729,6.249,7.139,6.452,6.668,10.526,10.528,6.06,7.142
730,6.452,7.146,6.452,6.668,11.104,10.528,5.884,7.142
731,6.452,7.146,6.452,6.664,11.104,11.109,5.884,7.142
732,6.452,7.146,6.452,6.664,10.531,11.109,5.884,6.872
733,6.251,7.14,6.452,6.664,10.531,10.526,5.881,6.872
734,6.251,7.14,6.45,6.897,10.526,10.526,5.881,6.872
735,6.251,7.143,6.45,6.897,10.526,11.109,5.881,6.92
736,6.245,7.143,6.45,6.897,10.522,11.109,5.881,6.92
737,6.245,7.143,6.451,6.89,10.522,10.526,6.06,6.92
738,6.245,7.144,6.451,6.89,10.533,10.526,6.06,6.67
739,6.255,7.144,6.451,6.89,10.533,10.524,6.06,6.67
740,6.255,7.144,6.512,6.903,10.524,10.524,5.883,6.67
741,6.255,7.405,6.512,6.903,10.524,11.114,5.883,6.897
742,6.252,7.405,6.512,6.903,11.106,10.531,5.883,6.897
743,6.252,7.405,6.603,6.896,11.106,10.531,6.248,6.897
744,6.252,7.146,6.603,6.896,10.533,11.106,6.248,6.667
745,6.448,7.146,6.603,6.896,10.533,11.106,6.248,6.667
746,6.448,7.407,6.452,7.144,10.518,10.6,6.248,6.667
747,6.448,7.407,6.452,7.144,10.531,10.6,6.063,6.665
748,6.448,7.407,6.452,7.144,10.531,11.032,6.063,6.665
749,6.252,7.144,6.667,6.896,10.528,11.032,6.063,6.665
750,6.252,7.144,6.667,6.896,10.528,11.111,5.882,6.666
751,6.252,7.144,6.667,6.896,10.524,11.111,5.882,6.666
752,6.25,6.897,6.453,6.667,10.524,10.524,5.882,6.666
753,6.25,6.897,6.453,6.667,10.526,11.114,5.884,6.896
754,6.25,6.897,6.453,6.667,10.526,11.114,5.884,6.896
755,6.25,7.139,6.453,6.896,10.531,10.524,5.884,6.896
756,6.25,7.139,6.453,6.896,10.531,10.524,5.884,6.668
757,6.25,7.139,6.453,6.898,10.524,11.116,6.022,6.668
758,6.251,7.144,6.658,6.898,10.524,11.116,6.022,6.668
759,6.251,7.144,6.658,6.898,11.07,10.85,6.022,6.897
760,6.251,6.896,6.658,7.143,11.07,10.85,5.917,6.897
761,6.249,6.896,6.46,7.143,10.565,10.77,5.917,6.898
762,6.249,6.896,6.46,7.143,10.565,10.77,5.917,6.898
763,6.249,7.145,6.46,6.896,10.518,11.111,6.251,6.898
764,6.249,7.145,6.451,6.896,10.535,11.111,6.251,6.897
765,6.452,7.145,6.451,6.896,10.535,10.57,6.251,6.897
766,6.452,7.116,6.451,6.897,10.524,11.063,6.251,6.897
767,6.452,7.116,6.451,6.897,10.524,11.063,6.061,6.666
768,6.251,7.116,6.45,6.897,10.611,10.528,6.061,6.666
769,6.251,6.923,6.45,6.897,10.611,10.528,6.061,6.666
770,6.251,6.923,6.45,6.897,11.015,11.109,6.06,6.896
771,6.451,6.923,6.456,6.897,11.015,11.109,6.06,6.896
772,6.451,7.141,6.456,6.897,10.528,11.104,6.06,6.896
773,6.451,7.141,6.456,6.897,10.528,11.104,5.882,6.895
774,6.251,7.141,6.661,6.897,10.522,10.526,5.882,6.895
775,6.251,7.411,6.661,6.888,10.522,10.526,5.882,6.895
776,6.251,7.411,6.661,6.888,10.531,11.111,5.882,6.668
777,6.451,7.406,6.452,6.888,10.531,10.528,5.882,6.668
778,6.451,7.406,6.452,6.674,10.522,10.528,5.882,6.668
779,6.451,7.406,6.452,6.674,11.114,11.109,5.882,6.897
780,6.249,7.404,6.452,6.674,11.114,11.109,5.882,6.897
781,6.249,7.404,6.452,6.896,10.531,10.524,5.882,6.897
782,6.249,7.404,6.452,6.896,10.531,10.524,5.882,6.896
783,6.249,7.408,6.668,6.896,10.522,11.114,6.057,6.896
784,6.25,7.408,6.668,6.895,10.522,11.114,6.057,6.896
785,6.25,7.142,6.668,6.895,10.522,11.111,6.057,6.668
786,6.25,7.142,6.454,6.895,10.522,11.111,6.057,6.668
787,6.452,7.142,6.454,6.668,10.531,10.526,5.886,6.668
788,6.452,7.408,6.454,6.668,10.531,11.106,5.886,6.666
789,6.452,7.408,6.448,7.025,10.526,11.106,5.886,6.666
790,6.25,7.408,6.448,7.025,10.526,10.533,5.88,6.666
791,6.25,7.144,6.448,7.025,10.526,10.533,5.88,6.665
792,6.25,7.144,6.668,6.773,10.526,11.114,5.88,6.665
793,6.45,7.144,6.668,6.773,10.526,11.114,5.88,6.665
794,6.45,7.408,6.668,6.773,10.526,11.109,5.885,6.657
795,6.45,7.408,6.45,6.897,10.526,11.109,5.885,6.657
796,6.254,7.397,6.45,6.897,10.531,10.524,5.885,6.657
797,6.254,7.397,6.45,6.897,10.531,10.524,6.061,6.679
798,6.254,7.397,6.668,6.897,10.524,11.114,6.061,6.679
799,6.248,7.153,6.668,6.897,10.524,11.114,6.061,6.679
800,6.248,7.153,6.668,6.897,10.524,10.528,6.062,6.666
801,6.248,7.153,6.45,6.895,10.524,11.109,6.062,6.666
802,6.248,7.14,6.45,6.895,10.531,11.109,6.062,6.666
803,6.25,7.14,6.45,6.895,10.531,10.522,6.248,6.896
804,6.25,7.14,6.663,6.667,10.526,10.522,6.248,6.896
805,6.25,7.145,6.663,6.667,10.526,11.114,6.248,6.896
806,6.249,7.145,6.663,6.667,11.085,11.114,6.248,6.897
807,6.249,7.145,6.455,6.666,11.085,10.526,5.882,6.897
808,6.249,7.141,6.455,6.666,10.55,10.526,5.882,6.897
809,6.25,7.141,6.455,6.666,10.55,11.116,5.882,6.668
810,6.25,7.146,6.454,6.667,10.522,11.116,6.061,6.668
811,6.25,7.146,6.454,6.667,10.522,10.524,6.061,6.668
812,6.452,7.146,6.454,6.667,10.526,11.114,6.061,6.667
813,6.452,7.142,6.666,6.898,10.52,11.114,6.044,6.667
814,6.452,7.142,6.666,6.898,10.52,10.526,6.044,6.667
815,6.452,7.142,6.666,6.898,10.531,10.526,6.044,6.897
816,6.452,7.145,6.666,6.895,10.531,11.075,6.044,6.897
817,6.452,7.145,6.452,6.895,10.526,11.075,5.899,6.897
818,6.25,7.145,6.452,6.895,10.526,10.561,5.899,6.667
819,6.25,7.141,6.452,6.897,10.533,10.561,5.899,6.667
820,6.25,7.141,6.452,6.897,10.533,10.522,6.061,6.667
821,6.25,7.404,6.452,6.897,10.52,10.522,6.061,6.897
822,6.249,7.404,6.452,6.897,10.52,11.063,6.061,6.897
823,6.249,7.404,6.452,6.897,11.116,11.063,6.061,6.896
824,6.249,6.897,6.452,6.897,11.116,10.574,5.714,6.896
825,6.406,6.897,6.452,6.895,10.531,10.574,5.714,6.896
826,6.406,6.897,6.663,6.895,10.531,10.522,5.714,6.667
827,6.406,7.144,6.663,6.895,10.52,11.114,6.059,6.667
828,6.295,7.144,6.663,6.668,10.52,11.114,6.059,6.667
829,6.295,7.144,6.668,6.668,10.528,10.528,6.059,6.668
830,6.295,7.406,6.668,6.897,10.528,10.528,5.882,6.668
831,6.249,7.406,6.668,6.897,10.528,11.109,5.882,6.668
832,6.249,7.406,6.451,6.897,10.642,11.109,5.882,6.666
833,6.249,7.145,6.451,6.665,10.642,11.03,5.882,6.666
834,6.452,7.145,6.451,6.665,10.415,11.03,6.062,6.666
835,6.452,7.408,6.666,6.665,10.415,10.603,6.062,6.667
836,6.452,7.408,6.666,6.669,10.522,10.603,6.062,6.667
837,6.248,7.408,6.666,6.669,10.522,10.524,5.884,6.667
838,6.248,7.142,6.452,6.669,11.106,11.114,5.884,6.899
839,6.248,7.142,6.452,6.894,11.106,11.114,5.884,6.899
840,6.248,7.142,6.452,6.894,10.531,10.528,6.45,6.899
841,6.25,6.898,6.454,6.894,10.531,10.528,6.45,6.666
842,6.25,6.898,6.454,6.671,10.522,11.106,6.45,6.666
843,6.25,6.898,6.454,6.671,10.522,11.106,6.058,6.666
844,6.25,7.142,6.451,6.671,10.533,11.109,6.058,6.896
845,6.25,7.142,6.451,6.666,10.533,11.109,6.058,6.896
846,6.25,7.142,6.451,6.666,10.526,11.104,6.058,6.896
847,6.452,7.375,6.668,6.666,10.526,11.104,6.063,6.668
848,6.452,7.375,6.668,7.129,10.524,10.537,6.063,6.668
849,6.452,7.169,6.668,7.129,10.526,11.109,6.063,6.668
850,6.25,7.169,6.452,7.129,10.526,11.109,5.884,6.665
851,6.25,7.169,6.452,6.679,10.524,11.109,5.884,6.665
852,6.25,6.897,6.452,6.679,10.524,11.109,5.884,6.665
853,6.452,6.897,6.667,6.679,10.524,10.526,6.061,6.896
854,6.452,6.897,6.667,6.897,10.524,10.526,6.061,6.896
855,6.452,7.145,6.667,6.897,10.533,11.109,6.061,6.896
856,6.228,7.145,6.448,6.897,10.533,11.109,6.061,6.897
857,6.228,7.145,6.448,6.896,10.524,11.114,5.88,6.897
858,6.228,7.406,6.448,6.896,10.524,11.114,5.88,6.897
859,6.442,7.406,6.663,6.896,10.524,10.526,5.88,6.897
860,6.442,7.406,6.663,6.897,10.524,11.111,6.061,6.897
861,6.442,7.143,6.663,6.897,10.528,11.111,6.061,6.897
862,6.442,7.143,6.456,6.897,10.528,10.528,6.061,6.896
863,6.281,7.145,6.456,6.896,10.526,10.528,6.061,6.896
864,6.281,7.145,6.456,6.896,10.526,11.109,5.882,6.896
865,6.281,7.145,6.666,6.896,10.522,11.109,5.882,6.669
866,6.249,7.143,6.666,6.67,10.522,11.106,5.882,6.669
867,6.249,7.143,6.666,6.67,10.533,11.106,6.062,6.669
868,6.249,7.143,6.666,6.67,10.52,10.531,6.062,6.668
869,6.251,7.142,6.453,6.894,10.52,10.531,6.062,6.668
870,6.251,7.142,6.453,6.894,10.528,11.116,6.061,6.668
871,6.251,7.142,6.453,6.894,10.528,11.116,6.061,6.897
872,6.249,7.142,6.451,6.668,11.118,10.522,6.061,6.897
873,6.249,7.142,6.451,6.668,11.118,11.114,6.061,6.897
874,6.249,7.407,6.451,6.668,10.52,11.114,5.882,6.896
875,6.251,7.407,6.669,6.896,10.52,11.109,5.882,6.896
876,6.251,7.407,6.669,6.896,10.531,11.109,5.882,6.896
877,6.251,7.144,6.669,6.824,10.531,10.526,6.058,6.893
878,6.251,7.144,6.45,6.824,10.526,10.526,6.058,6.893
879,6.452,7.144,6.45,6.824,10.526,11.101,6.058,6.897
880,6.452,7.406,6.45,6.734,10.522,11.101,5.882,6.897
881,6.452,7.406,6.452,6.734,10.522,10.535,5.882,6.897
882,6.249,7.406,6.452,6.734,11.118,10.535,5.882,6.666
883,6.249,7.145,6.452,6.897,10.522,11.111,5.882,6.666
884,6.249,7.145,6.665,6.897,10.522,11.101,5.882,6.666
885,6.25,7.406,6.665,6.897,10.52,11.101,5.882,6.669
886,6.25,7.406,6.665,6.834,10.52,10.535,5.882,6.669
887,6.25,7.406,6.452,6.834,10.535,10.535,5.884,6.669
888,6.45,7.407,6.452,6.834,10.535,11.114,5.884,6.668
889,6.45,7.407,6.452,6.726,10.52,11.114,5.884,6.668
890,6.45,7.407,6.668,6.726,10.52,11.085,6.06,6.668
891,6.252,7.408,6.668,6.726,10.524,11.085,6.06,6.665
892,6.252,7.408,6.668,6.665,10.524,10.55,6.06,6.665
893,6.252,7.408,6.45,6.665,10.535,10.55,6.06,6.665
894,6.249,7.405,6.45,6.665,10.535,10.526,6.061,6.897
895,6.249,7.405,6.45,6.662,10.52,11.111,6.061,6.897
896,6.249,7.14,6.453,6.662,10.52,11.111,6.061,6.897
897,6.249,7.14,6.453,6.662,11.116,11.111,6.058,6.668
898,6.452,7.14,6.453,6.456,11.116,11.111,6.058,6.668
899,6.452,7.4,6.661,6.456,10.526,10.526,6.058,6.668
900,6.452,7.4,6.661,6.456,10.524,10.526,5.883,6.668
901,6.25,7.4,6.661,6.898,10.524,11.111,5.883,6.668
902,6.25,6.909,6.459,6.898,10.507,11.111,5.883,6.668
903,6.25,6.909,6.459,6.898,10.507,11.101,5.883,6.664
904,6.251,6.909,6.459,6.666,10.546,11.101,6.063,6.664
905,6.251,7.405,6.666,6.666,10.546,10.537,6.063,6.664
906,6.251,7.405,6.666,6.666,10.524,11.106,6.063,6.894
907,6.251,7.144,6.666,6.667,10.524,11.106,5.714,6.894
908,6.251,7.144,6.452,6.667,10.528,10.531,5.714,6.894
909,6.251,7.144,6.452,6.667,10.528,10.531,5.714,6.669
910,6.452,7.406,6.452,6.508,10.528,11.111,6.059,6.669
911,6.452,7.406,6.452,6.508,10.528,11.111,6.059,6.669
912,6.452,7.406,6.452,6.508,10.52,10.526,6.059,6.667
913,6.248,7.142,6.452,6.832,10.52,10.526,6.059,6.667
914,6.248,7.142,6.452,6.832,10.533,11.106,6.245,6.667
915,6.248,7.142,6.449,6.832,10.533,11.106,6.245,6.898
916,6.248,7.142,6.449,6.668,10.526,10.526,6.245,6.898
917,6.249,7.142,6.449,6.668,10.526,10.526,6.045,6.898
918,6.249,7.142,6.452,6.668,10.526,11.114,6.045,6.667
919,6.249,7.142,6.452,6.897,10.526,10.678,6.045,6.667
920,6.252,7.142,6.452,6.897,10.526,10.678,5.901,6.667
921,6.252,7.143,6.667,6.897,11.058,10.954,5.901,6.897
922,6.252,7.143,6.667,6.897,11.058,10.954,5.901,6.897
923,6.452,7.143,6.667,6.897,10.574,11.099,5.901,6.897
924,6.452,7.146,6.452,6.897,10.574,11.099,6.063,6.452
925,6.452,7.146,6.452,6.667,10.531,11.111,6.063,6.452
926,6.451,7.146,6.452,6.667,10.531,11.111,6.063,6.452
927,6.451,7.144,6.667,6.667,10.513,10.526,6.057,6.666
928,6.451,7.144,6.667,6.897,10.513,10.526,6.057,6.666
929,6.251,7.144,6.667,6.897,10.537,11.114,6.057,6.666
930,6.251,7.141,6.454,6.897,10.537,10.524,5.883,6.667
931,6.251,7.141,6.454,6.667,10.52,10.524,5.883,6.667
932,6.251,7.141,6.454,6.667,10.52,11.111,5.883,6.667
933,6.251,7.145,6.451,6.667,10.526,11.111,5.883,6.896
934,6.251,7.145,6.451,6.896,10.526,11.015,6.06,6.896
935,6.251,7.14,6.451,6.896,10.533,11.015,6.06,6.896
936,6.249,7.14,6.665,6.896,10.52,10.616,6.06,6.667
937,6.249,7.14,6.665,7.142,10.52,10.616,6.061,6.667
938,6.249,7.404,6.665,7.142,10.528,11.111,6.061,6.667
939,6.251,7.404,6.666,7.142,10.528,11.111,6.061,6.896
940,6.251,7.404,6.666,6.67,10.535,10.786,6.226,6.896
941,6.251,7.147,6.666,6.67,10.535,10.834,6.226,6.896
942,6.249,7.147,6.455,6.67,10.518,10.834,6.226,6.669
943,6.249,7.147,6.455,6.897,10.518,11.111,6.226,6.669
944,6.249,7.142,6.455,6.897,10.524,11.111,5.907,6.669
945,6.251,7.142,6.451,6.897,10.524,10.528,5.907,6.667
946,6.251,7.41,6.451,6.667,10.533,10.528,5.907,6.667
947,6.251,7.41,6.451,6.667,10.533,11.111,6.248,6.667
948,6.25,7.41,6.451,7.141,10.524,11.111,6.248,6.896
949,6.25,7.144,6.451,7.141,10.524,10.528,6.248,6.896
950,6.25,7.144,6.451,7.141,10.52,10.528,6.061,6.896
951,6.25,7.144,6.45,7.14,10.52,11.104,6.061,6.897
952,6.249,7.142,6.45,7.14,10.535,11.116,6.061,6.897
953,6.249,7.142,6.45,7.14,11.106,11.116,6.251,6.897
954,6.249,7.142,6.668,6.897,11.106,10.531,6.251,6.897
955,6.251,7.138,6.668,6.897,10.528,10.531,6.251,6.897
956,6.251,7.138,6.668,6.897,10.528,11.109,6.251,6.897
957,6.251,7.138,6.452,7.144,10.526,11.109,5.883,6.894
958,6.45,7.147,6.452,7.144,10.526,10.524,5.883,6.894
959,6.45,7.147,6.452,7.144,10.526,10.524,5.883,6.897
960,6.45,7.142,6.452,6.897,10.526,11.116,6.06,6.897
961,6.252,7.142,6.453,6.897,10.524,11.116,6.06,6.897
962,6.252,7.142,6.453,6.897,10.524,10.526,6.06,6.886
963,6.252,7.144,6.453,6.897,10.533,10.526,5.881,6.886
964,6.25,7.144,6.668,6.897,10.533,10.526,5.881,6.886
965,6.25,7.144,6.668,6.897,10.518,11.106,5.881,6.675
966,6.25,7.407,6.668,6.665,10.518,11.106,5.881,6.675
967,6.451,7.407,6.451,6.665,10.528,10.531,6.061,6.675
968,6.451,7.407,6.451,6.665,10.528,10.531,6.061,6.452
969,6.451,7.144,6.451,6.897,10.531,11.106,6.061,6.452
970,6.451,7.144,6.666,6.897,10.531,11.106,6.061,6.452
971,6.251,7.144,6.666,6.897,10.522,10.526,6.061,6.452
972,6.251,7.144,6.666,6.897,10.526,10.526,6.061,6.45
973,6.251,7.144,6.452,6.897,10.526,11.114,6.25,6.45
974,6.451,7.142,6.452,7.141,10.531,11.114,6.25,6.899
975,6.451,7.142,6.452,7.141,10.531,10.526,6.25,6.899
976,6.451,7.142,6.655,7.141,10.522,10.526,6.25,6.899
977,6.251,6.896,6.655,7.147,10.522,11.111,5.882,6.896
978,6.251,6.896,6.655,7.147,10.526,10.526,5.882,6.896
979,6.251,6.896,6.46,7.147,10.526,10.526,5.882,6.896
980,6.45,7.143,6.46,6.897,11.104,11.109,6.248,6.897
981,6.45,7.143,6.46,6.897,11.104,11.109,6.248,6.897
982,6.45,7.143,6.667,6.897,10.528,10.528,6.248,6.897
983,6.25,7.143,6.667,7.141,10.528,10.528,6.061,6.897
984,6.25,7.143,6.667,7.141,10.533,11.109,6.061,6.897
985,6.25,7.143,6.452,7.141,10.533,11.109,6.061,6.897
986,6.251,7.142,6.452,7.132,10.526,11.114,6.062,6.665
987,6.251,7.142,6.452,7.132,10.526,11.114,6.062,6.665
988,6.251,7.144,6.452,6.909,10.524,10.528,6.062,6.665
989,6.251,7.144,6.452,6.909,10.531,11.114,6.062,6.897
990,6.25,7.144,6.452,6.909,10.531,11.114,5.882,6.897
991,6.25,7.403,6.454,6.897,10.526,10.522,5.882,6.897
992,6.25,7.403,6.454,6.897,10.526,10.522,5.882,6.667
993,6.251,7.403,6.454,6.897,10.52,11.106,6.061,6.667
994,6.251,6.901,6.666,6.895,10.52,11.106,6.061,6.667
995,6.251,6.901,6.666,6.895,10.537,11.106,6.061,6.897
996,6.452,6.901,6.666,6.895,10.537,11.106,6.058,6.897
997,6.452,7.144,6.452,6.894,10.522,10.535,6.058,6.897
998,6.452,7.144,6.452,6.894,10.522,10.535,6.058,6.899
999,6.249,7.144,6.452,6.894,10.522,11.104,6.058,6.899
1000,6.249,7.142,6.452,6.897,10.522,11.104,5.885,6.899
1001,6.249,7.142,6.452,6.897,10.533,10.526,5.885,6.893
1002,6.25,7.144,6.452,6.897,10.533,11.114,5.885,6.893
1003,6.25,7.144,6.666,6.668,10.518,11.114,6.062,6.893
1004,6.25,7.144,6.666,6.668,10.518,10.524,6.062,6.898
1005,6.447,7.141,6.666,6.668,10.531,10.524,6.062,6.898
1006,6.447,7.141,6.451,6.667,10.531,11.114,5.882,6.898
1007,6.447,7.141,6.451,6.667,10.533,11.114,5.882,6.897
1008,6.447,7.407,6.451,6.667,10.52,10.528,5.882,6.897
1009,6.253,7.407,6.451,6.665,10.52,10.528,5.882,6.897
1010,6.253,7.407,6.452,6.665,10.526,11.106,6.061,6.665
1011,6.253,6.895,6.452,6.665,10.526,11.106,6.061,6.665
1012,6.252,6.895,6.452,7.144,10.528,10.531,6.061,6.895
1013,6.252,6.895,6.663,7.144,10.528,10.531,5.88,6.895
1014,6.252,6.947,6.663,7.144,10.52,10.526,5.88,6.895
1015,6.249,6.947,6.663,6.897,10.52,11.111,5.88,6.895
1016,6.249,7.093,6.668,6.897,10.539,11.111,6.059,6.454
1017,6.249,7.093,6.668,6.897,10.539,10.526,6.059,6.454
1018,6.452,7.093,6.668,6.895,10.52,10.526,6.059,6.454
1019,6.452,6.897,6.452,6.895,10.52,11.109,6.059,6.667
1020,6.452,6.897,6.452,6.895,11.109,11.109,5.718,6.667
1021,6.25,6.897,6.452,6.898,11.109,10.526,5.718,6.667
1022,6.25,6.896,6.668,6.898,10.528,10.526,5.718,6.666
1023,6.25,6.896,6.668,6.896,10.528,11.111,5.883,6.666
1024,6.25,6.896,6.668,6.896,10.52,11.111,5.883,6.666
1025,6.249,7.407,6.452,6.896,11.109,10.524,5.883,6.668
1026,6.249,7.407,6.452,6.897,11.109,10.524,5.883,6.668
1027,6.249,7.407,6.452,6.897,10.494,10.528,6.061,6.668
1028,6.452,7.144,6.667,6.897,10.494,11.111,6.061,6.668
1029,6.452,7.144,6.667,6.897,10.559,11.111,6.061,6.668
1030,6.452,7.144,6.667,6.897,10.559,10.528,5.882,6.668
1031,6.251,7.141,6.453,6.897,9.998,10.528,5.882,6.666
1032,6.251,7.141,6.453,6.899,9.998,11.109,5.882,6.666
1033,6.251,7.405,6.453,6.899,10.544,11.109,6.06,6.897
1034,6.451,7.405,6.666,6.899,10.544,10.526,6.06,6.897
1035,6.451,7.405,6.666,6.667,10.513,10.526,6.06,6.897
1036,6.451,6.897,6.666,6.667,10.513,11.121,6.06,6.894
1037,6.251,6.897,6.666,6.667,10.531,11.121,6.061,6.894
1038,6.251,6.897,6.666,6.668,10.531,10.524,6.061,6.894
1039,6.251,7.401,6.666,6.668,10.528,10.524,6.061,6.897
1040,6.304,7.401,6.452,6.668,10.528,10.524,6.06,6.897
1041,6.304,7.401,6.452,6.663,10.52,11.101,6.06,6.897
1042,6.304,7.151,6.452,6.663,11.118,11.101,6.06,6.668
1043,6.396,7.151,6.667,6.663,11.118,11.121,6.252,6.668
1044,6.396,7.144,6.667,6.454,10.524,11.121,6.252,6.668
1045,6.396,7.144,6.667,6.454,10.524,10.528,6.252,6.894
1046,6.396,7.144,6.533,6.454,10.518,10.528,6.059,6.894
1047,6.249,7.142,6.533,6.897,10.518,11.109,6.059,6.894
1048,6.249,7.142,6.533,6.897,10.537,11.109,6.059,6.668
1049,6.249,7.142,6.581,6.897,10.537,11.109,6.059,6.668
1050,6.248,7.142,6.581,6.666,10.522,11.109,6.058,6.668
1051,6.248,7.142,6.581,6.666,10.522,10.526,6.058,6.67
1052,6.248,7.142,6.66,6.666,11.015,11.116,6.058,6.67
1053,6.252,7.404,6.66,6.896,11.015,11.116,5.885,6.67
1054,6.252,7.404,6.66,6.896,10.616,10.526,5.885,6.666
1055,6.252,7.404,6.457,6.896,10.616,10.526,5.885,6.666
1056,6.449,7.145,6.457,6.896,10.52,11.109,5.885,6.666
1057,6.449,7.145,6.457,6.896,10.52,11.109,5.883,6.897
1058,6.449,7.143,6.455,6.896,10.526,11.099,5.883,6.897
1059,6.251,7.143,6.455,6.9,10.533,11.099,5.883,6.897
1060,6.251,7.143,6.455,6.9,10.533,10.537,5.882,6.658
1061,6.251,7.406,6.665,6.9,10.52,10.537,5.882,6.658
1062,6.251,7.406,6.665,6.894,10.52,11.111,5.882,6.658
1063,6.251,7.406,6.665,6.894,10.535,11.063,5.882,6.673
1064,6.251,7.145,6.648,6.894,10.535,11.063,5.882,6.673
1065,6.251,7.145,6.648,7.143,10.524,10.572,5.882,6.673
1066,6.251,7.145,6.648,7.143,10.524,10.572,5.882,6.897
1067,6.251,7.406,6.47,7.143,10.52,11.106,5.882,6.897
1068,6.251,7.406,6.47,6.668,10.52,11.106,5.882,6.897
1069,6.448,7.146,6.47,6.668,10.531,10.531,5.882,6.896
1070,6.448,7.146,6.667,6.896,10.531,10.531,6.249,6.896
1071,6.448,7.146,6.667,6.896,10.537,11.106,6.249,6.896
1072,6.252,7.407,6.667,6.896,10.537,11.106,6.249,7.143
1073,6.252,7.407,6.45,6.895,10.516,10.524,5.883,7.143
1074,6.252,7.407,6.45,6.895,10.516,11.111,5.883,7.143
1075,6.249,7.406,6.45,6.895,10.528,11.111,5.883,6.899
1076,6.249,7.406,6.45,6.668,11.094,10.526,5.883,6.899
1077,6.249,7.406,6.452,6.668,11.094,10.526,6.061,6.895
1078,6.452,7.141,6.452,6.668,10.52,11.109,6.061,6.895
1079,6.452,7.141,6.452,6.894,10.52,11.109,6.061,6.895
1080,6.452,7.398,6.451,6.894,10.535,10.531,6.06,6.897
1081,6.452,7.398,6.451,6.894,10.535,10.531,6.06,6.897
1082,6.251,7.398,6.451,6.898,10.541,11.109,6.06,6.897
1083,6.251,7.42,6.449,6.898,10.541,11.109,6.061,6.897
1084,6.251,7.42,6.449,6.898,10.522,10.526,6.061,6.897
1085,6.249,7.42,6.449,6.667,10.522,10.526,6.061,6.897
1086,6.249,7.407,6.455,6.667,10.531,11.111,6.061,6.894
1087,6.249,7.407,6.455,6.667,10.531,11.104,6.058,6.894
1088,6.452,7.405,6.455,6.897,10.52,11.104,6.058,6.894
1089,6.452,7.405,6.668,6.897,10.52,10.535,6.058,6.454
1090,6.452,7.405,6.668,6.897,10.526,10.535,6.061,6.454
1091,6.252,7.144,6.668,7.117,10.526,11.109,6.061,6.454
1092,6.252,7.144,6.451,7.117,10.531,11.109,6.061,6.665
1093,6.252,7.144,6.451,7.117,10.531,10.524,5.882,6.665
1094,6.451,7.406,6.451,6.921,10.524,10.524,5.882,6.665
1095,6.451,7.406,6.451,6.921,10.526,11.111,5.882,6.667
1096,6.451,7.406,6.451,6.921,10.526,11.111,5.882,6.667
1097,6.249,7.407,6.451,6.897,10.531,10.526,5.884,6.667
1098,6.249,7.407,6.655,6.897,10.531,11.111,5.884,6.667
1099,6.249,7.691,6.655,6.897,10.524,11.111,5.884,6.667
1100,6.452,7.691,6.655,6.898,10.524,10.524,6.058,6.667
1101,6.452,7.691,6.465,6.898,10.524,10.524,6.058,6.9
1102,6.452,7.411,6.465,6.897,10.524,10.533,6.058,6.9
1103,6.452,7.411,6.465,6.897,10.526,10.533,5.883,6.9
1104,6.252,7.411,6.664,6.897,10.526,11.111,5.883,6.665
1105,6.252,7.144,6.664,6.894,10.528,11.111,5.883,6.665
1106,6.252,7.144,6.664,6.894,10.528,10.524,5.883,6.665
1107,6.443,7.404,6.452,6.894,10.526,10.524,6.062,6.896
1108,6.443,7.404,6.452,7.145,10.526,11.116,6.062,6.896
1109,6.443,7.404,6.452,7.145,10.528,11.116,6.062,6.896
1110,6.257,7.144,6.452,7.145,10.528,10.524,6.06,6.668
1111,6.257,7.144,6.452,7.115,11.097,11.116,6.06,6.668
1112,6.257,7.144,6.452,7.115,10.528,11.116,6.06,6.668
1113,6.25,7.141,6.663,7.115,10.528,10.524,6.061,6.895
1114,6.25,7.141,6.663,6.922,10.537,10.524,6.061,6.895
1115,6.25,7.141,6.663,6.922,10.537,11.109,6.061,6.895
1116,6.25,7.144,6.454,6.922,10.518,11.109,6.061,6.895
1117,6.25,7.144,6.454,6.897,10.518,10.533,5.881,6.895
1118,6.25,7.144,6.454,6.897,10.535,10.533,5.881,6.895
1119,6.451,7.143,6.454,6.897,10.535,11.109,5.881,6.668
1120,6.451,7.143,6.451,6.665,10.524,11.109,6.061,6.668
1121,6.451,7.169,6.451,6.665,10.524,11.104,6.061,6.668
1122,6.451,7.169,6.451,6.665,11.101,11.104,6.061,6.897
1123,6.25,7.169,6.451,7.143,11.101,10.531,6.062,6.897
1124,6.25,7.525,6.451,7.143,10.535,10.526,6.062,6.897
1125,6.25,7.525,6.451,6.896,10.535,10.526,6.062,6.899
1126,6.451,7.525,6.667,6.896,10.52,11.109,6.062,6.899
1127,6.451,7.528,6.667,6.896,10.52,11.109,5.882,6.899
1128,6.451,7.528,6.667,7.145,10.526,10.533,5.882,6.898
1129,6.252,7.421,6.45,7.145,10.535,10.533,5.882,6.898
1130,6.252,7.421,6.45,7.145,10.535,11.109,6.06,6.894
1131,6.252,7.421,6.45,6.894,10.524,11.109,6.06,6.894
1132,6.258,7.415,6.455,6.894,10.524,10.526,6.06,6.894
1133,6.258,7.415,6.455,6.894,10.524,10.526,5.714,6.896
1134,6.258,7.415,6.455,6.777,10.524,11.109,5.714,6.896
1135,6.443,7.398,6.668,6.777,11.087,11.106,5.714,6.896
1136,6.443,7.398,6.668,6.777,11.087,11.106,5.714,6.668
1137,6.443,7.398,6.668,6.784,10.546,10.533,5.884,6.668
1138,6.251,7.144,6.452,6.784,10.546,10.533,5.884,6.668
1139,6.251,7.144,6.452,6.784,10.528,11.111,5.884,6.665
1140,6.251,7.143,6.452,6.896,10.528,11.111,6.06,6.665
1141,6.251,7.143,6.452,6.896,10.531,10.524,6.06,6.665
1142,6.248,7.143,6.452,6.896,10.531,10.524,6.06,6.896
1143,6.248,7.411,6.452,6.897,10.522,11.114,6.253,6.896
1144,6.248,7.411,6.664,6.897,10.522,11.114,6.253,6.896
1145,6.325,7.411,6.664,6.897,10.524,10.526,6.253,6.666
1146,6.325,7.14,6.664,6.895,10.531,10.526,6.253,6.666
1147,6.325,7.14,6.453,6.895,10.531,11.111,6.055,6.666
1148,6.178,7.14,6.453,6.895,11.109,10.528,6.055,6.898
1149,6.178,6.898,6.453,6.881,11.109,10.528,6.055,6.898
1150,6.178,6.898,6.448,6.881,10.526,11.109,6.252,6.898
1151,6.431,6.898,6.448,7.163,10.526,11.109,6.252,6.897
1152,6.431,7.142,6.448,7.163,10.533,11.109,6.252,6.897
1153,6.431,7.142,6.455,7.163,10.533,11.109,6.251,6.897
1154,6.268,7.405,6.455,6.873,11.051,10.526,6.251,6.668
1155,6.268,7.405,6.455,6.873,11.051,10.526,6.251,6.668
1156,6.268,7.405,6.655,6.873,10.572,11.111,5.884,6.668
1157,6.268,7.144,6.655,6.689,10.572,11.111,5.884,6.666
1158,6.248,7.144,6.655,6.689,10.533,10.625,5.884,6.666
1159,6.248,7.144,6.461,6.689,10.533,11.001,5.884,6.666
1160,6.248,7.142,6.461,6.896,10.518,11.001,6.059,6.666
1161,6.252,7.142,6.461,6.896,10.535,11.109,6.059,6.666
1162,6.252,7.142,6.461,6.896,10.535,11.109,6.059,6.666
1163,6.252,7.406,6.453,6.661,10.522,11.111,6.201,6.666
1164,6.252,7.406,6.453,6.661,10.522,11.111,6.201,6.666
1165,6.252,6.897,6.453,6.661,10.522,10.528,6.201,6.666
1166,6.252,6.897,6.452,6.67,10.522,10.528,5.927,6.892
1167,6.249,6.897,6.452,6.67,10.535,10.528,5.927,6.892
1168,6.249,7.41,6.452,6.67,10.535,10.528,5.927,6.892
1169,6.249,7.41,6.667,6.667,10.524,11.106,5.927,6.901
1170,6.451,7.41,6.667,6.667,10.524,11.106,6.061,6.901
1171,6.451,7.145,6.667,6.667,10.526,10.524,6.061,6.901
1172,6.451,7.145,6.65,6.669,10.526,11.116,6.061,6.667
1173,6.25,7.145,6.65,6.669,10.526,11.116,6.059,6.667
1174,6.25,7.405,6.65,6.669,10.526,10.526,6.059,6.667
1175,6.25,7.405,6.466,6.895,10.522,10.526,6.059,6.667
1176,6.25,7.141,6.466,6.895,10.522,11.109,6.061,6.667
1177,6.25,7.141,6.466,6.895,11.114,11.109,6.061,6.667
1178,6.25,7.141,6.664,6.668,11.114,10.524,6.061,6.669
1179,6.25,7.144,6.664,6.668,10.004,10.524,6.061,6.669
1180,6.251,7.144,6.664,6.668,10.522,11.118,5.716,6.669
1181,6.251,7.144,6.452,6.667,10.522,11.118,5.716,6.667
1182,6.251,7.141,6.452,6.667,10.528,11.109,5.716,6.667
1183,6.25,7.141,6.452,6.667,10.528,10.524,6.058,6.667
1184,6.25,7.141,6.453,6.668,11.109,10.524,6.058,6.664
1185,6.25,7.408,6.453,6.668,11.109,11.111,6.058,6.664
1186,6.452,7.408,6.453,6.668,10.526,11.111,5.883,6.664
1187,6.452,7.408,6.664,6.896,10.526,10.531,5.883,6.669
1188,6.452,7.144,6.664,6.896,10.533,10.531,5.883,6.669
1189,6.25,7.144,6.664,6.896,10.533,11.104,5.883,6.669
1190,6.25,7.145,6.454,6.894,10.52,11.104,6.062,6.667
1191,6.25,7.145,6.454,6.894,10.52,11.114,6.062,6.667
1192,6.25,7.145,6.454,6.894,11.114,11.114,6.062,6.667
1193,6.249,7.408,6.451,6.897,11.114,10.528,5.882,6.896
1194,6.249,7.408,6.451,6.897,10.526,11.111,5.882,6.896
1195,6.249,7.408,6.451,6.897,10.524,11.111,5.882,6.896
1196,6.251,7.143,6.455,6.668,10.524,11.116,6.061,7.139
1197,6.251,7.143,6.455,6.668,11.116,11.116,6.061,7.139
1198,6.251,7.143,6.455,6.668,11.116,10.526,6.061,6.897
1199,6.446,7.392,6.666,6.896,10.524,10.526,6.061,6.897
1200,6.446,7.392,6.666,6.896,10.524,11.111,5.88,6.897
1201,6.446,7.154,6.666,6.896,10.522,11.111,5.88,6.899
1202,6.255,7.154,6.452,6.668,10.522,10.524,5.88,6.899
1203,6.255,7.154,6.452,6.668,10.533,10.524,5.882,6.899
1204,6.255,7.139,6.452,6.668,10.533,11.114,5.882,6.668
1205,6.452,7.139,6.495,7.142,10.526,11.114,5.882,6.668
1206,6.452,7.139,6.495,7.142,10.526,10.522,5.882,6.668
1207,6.452,7.148,6.495,6.896,10.52,11.111,6.06,6.894
1208,6.25,7.148,6.618,6.896,10.52,11.111,6.06,6.894
1209,6.25,7.148,6.618,6.896,11.061,10.531,6.06,6.894
1210,6.25,7.408,6.618,7.147,10.579,10.531,6.063,6.668
1211,6.451,7.408,6.668,7.147,10.579,11.109,6.063,6.668
1212,6.451,7.143,6.668,7.147,10.518,11.109,6.063,6.668
1213,6.451,7.143,6.668,6.894,10.518,10.531,5.882,6.667
1214,6.451,7.143,6.668,6.894,10.535,10.531,5.882,6.667
1215,6.252,7.143,6.449,6.894,10.535,11.106,5.882,6.667
1216,6.252,7.143,6.449,6.897,10.528,11.106,5.882,6.642
1217,6.252,7.143,6.449,6.897,10.528,10.526,6.06,6.642
1218,6.25,7.406,6.668,6.897,10.52,11.114,6.06,6.642
1219,6.25,7.406,6.668,6.895,10.52,11.114,6.06,6.691
1220,6.25,7.406,6.668,6.895,10.528,11.111,6.061,6.691
1221,6.455,7.407,6.454,6.895,10.528,11.111,6.061,6.691
1222,6.455,7.407,6.454,6.899,10.528,10.524,6.061,6.667
1223,6.455,7.403,6.454,6.899,10.528,10.524,6.061,6.667
1224,6.246,7.403,6.45,6.899,10.522,11.114,6.061,6.667
1225,6.246,7.403,6.45,6.897,10.522,11.114,6.061,6.897
1226,6.249,7.406,6.451,6.896,10.071,10.524,6.109,6.456
1227,6.251,7.406,6.451,6.896,10.071,10.524,6.061,6.661
1228,6.251,7.406,6.451,6.896,10.071,10.524,6.061,6.661
1229,6.251,7.406,6.451,6.896,10.071,10.524,6.061,6.661
1230,6.251,7.406,6.451,6.896,11.104,11.118,6.061,6.661
1231,6.251,7.406,6.451,6.896,11.104,11.118,6.061,6.661
1232,6.251,7.142,6.452,6.668,11.104,11.118,6.061,6.661
1233,6.251,7.142,6.452,6.668,11.104,11.118,6.061,6.661
1234,6.251,7.142,6.452,6.668,11.104,10.522,6.061,6.662
1235,6.45,7.142,6.452,6.668,10.535,10.522,6.063,6.662
1236,6.45,7.142,6.452,6.668,10.535,10.522,6.063,6.662
1237,6.45,7.142,6.452,6.668,10.535,10.522,6.063,6.662
1238,6.45,7.142,6.452,6.668,10.535,10.522,6.063,6.662
1239,6.45,7.143,6.668,6.668,10.535,11.106,6.063,6.662
1240,6.45,7.143,6.668,6.668,10.522,11.106,6.063,6.662
1241,6.45,7.143,6.668,6.668,10.522,11.106,6.063,6.899
1242,6.45,7.143,6.668,6.668,10.522,11.106,6.063,6.899
1243,6.251,7.143,6.668,6.668,10.522,10.526,6.058,6.899
1244,6.251,7.143,6.668,6.668,10.522,10.526,6.058,6.899
1245,6.251,7.143,6.668,6.668,10.526,10.526,6.058,6.899
1246,6.251,7.146,6.668,6.668,10.526,10.526,6.058,6.899
1247,6.251,7.146,6.452,6.668,10.526,10.526,6.058,6.899
1248,6.251,7.146,6.452,6.88,10.526,11.114,6.058,6.899
1249,6.251,7.146,6.452,6.88,10.526,11.114,6.058,6.667
1250,6.251,7.146,6.452,6.88,10.531,11.114,6.058,6.667
1251,6.25,7.146,6.452,6.88,10.531,11.114,6.058,6.667
1252,6.25,7.146,6.452,6.88,10.531,11.114,5.884,6.667
1253,6.25,7.146,6.452,6.88,10.531,10.526,5.884,6.667
1254,6.25,7.143,6.452,6.9,10.524,10.526,5.884,6.667
1255,6.25,7.143,6.452,6.9,10.524,11.111,5.884,6.897
1256,6.249,7.142,6.452,6.9,10.52,11.111,5.881,6.897
1257,6.249,7.142,6.661,6.674,10.52,10.526,5.881,6.897
1258,6.249,7.142,6.661,6.674,10.537,10.526,5.881,6.668
1259,6.253,7.352,6.661,6.674,10.537,11.111,5.881,6.668
1260,6.253,7.352,6.455,6.897,10.52,11.111,5.883,6.668
1261,6.253,7.352,6.455,6.897,10.52,10.528,5.883,6.481
1262,6.45,7.193,6.455,6.897,10.524,10.528,5.883,6.481
1263,6.45,7.193,6.665,6.895,10.524,10.528,5.883,6.481
1264,6.45,7.193,6.665,6.895,10.533,10.528,5.883,6.636
1265,6.25,7.407,6.665,6.895,10.52,11.106,5.883,6.636
1266,6.25,7.407,6.668,6.899,10.52,11.063,5.883,6.636
1267,6.25,7.144,6.668,6.899,10.526,11.063,6.061,6.667
1268,6.25,7.144,6.668,6.899,10.526,10.572,6.061,6.667
1269,6.451,7.144,6.668,6.897,10.531,10.572,6.061,6.667
1270,6.451,7.406,6.453,6.897,10.531,11.099,6.06,6.896
1271,6.451,7.406,6.453,6.897,10.524,11.099,6.06,6.896
1272,6.25,7.406,6.453,6.667,10.524,10.539,6.06,6.896
1273,6.25,7.144,6.452,6.667,10.528,10.539,6.25,7.141
1274,6.25,7.144,6.452,6.667,10.528,11.111,6.25,7.141
1275,6.25,7.144,6.452,6.897,11.111,11.111,6.25,7.141
1276,6.25,7.408,6.666,6.897,11.111,11.111,6.061,6.668
1277,6.25,7.408,6.666,6.897,10.524,10.526,6.061,6.668
1278,6.25,7.143,6.666,6.667,10.524,10.526,6.061,6.668
1279,6.25,7.143,6.455,6.667,10.528,11.111,6.061,6.664
1280,6.25,7.143,6.455,6.667,10.528,11.111,5.883,6.664
1281,6.25,7.406,6.455,7.142,10.526,10.528,5.883,6.898
1282,6.25,7.406,6.448,7.142,10.52,10.528,5.883,6.898
1283,6.25,7.406,6.448,7.142,10.52,11.109,5.714,6.898
1284,6.25,7.142,6.448,6.73,10.533,11.109,5.714,6.669
1285,6.251,7.142,6.667,6.73,10.533,10.528,5.714,6.669
1286,6.251,7.142,6.667,7.075,10.524,10.528,5.714,6.669
1287,6.452,7.144,6.667,7.075,10.524,10.982,6.059,6.668
1288,6.452,7.144,6.453,7.075,10.528,10.982,6.059,6.668
1289,6.452,7.388,6.453,6.896,10.528,10.647,6.059,6.668
1290,6.452,7.388,6.453,6.896,10.528,10.524,5.882,6.665
1291,6.248,7.388,6.449,6.896,10.528,10.524,5.882,6.665
1292,6.248,7.429,6.449,6.896,10.52,11.111,5.882,6.665
1293,6.248,7.429,6.449,6.896,10.52,11.111,6.061,6.668
1294,6.252,7.429,6.667,6.896,10.528,10.524,6.061,6.668
1295,6.252,7.39,6.667,6.668,10.528,10.524,6.061,6.668
1296,6.252,7.39,6.667,6.668,10.533,11.116,6.061,6.664
1297,6.25,7.39,6.452,6.668,10.533,11.116,5.884,6.664
1298,6.25,7.158,6.452,7.141,10.522,10.526,5.884,6.664
1299,6.25,7.158,6.452,7.141,11.104,10.526,5.884,6.665
1300,6.251,7.399,6.667,7.141,11.104,11.111,5.882,6.665
1301,6.251,7.399,6.667,6.897,10.535,11.109,5.882,6.665
1302,6.251,7.399,6.667,6.897,10.535,11.109,5.882,6.897
1303,6.251,7.415,6.668,6.897,10.539,11.065,5.882,6.897
1304,6.45,7.415,6.668,6.899,10.539,11.065,5.882,6.897
1305,6.45,7.415,6.668,6.899,10.511,10.57,5.882,6.897
1306,6.45,7.143,6.668,6.899,10.511,10.57,5.882,6.897
1307,6.25,7.143,6.668,6.895,10.528,11.101,5.882,6.897
1308,6.25,7.143,6.668,6.895,10.528,11.101,5.882,6.897
1309,6.25,7.408,6.45,7.143,10.522,11.114,5.882,6.897
1310,6.251,7.408,6.45,7.143,10.522,11.114,5.881,6.897
1311,6.251,7.406,6.45,7.143,10.528,11.023,5.881,6.669
1312,6.251,7.406,6.665,6.896,10.528,10.605,5.881,6.669
1313,6.249,7.406,6.665,6.896,11.085,10.605,6.25,6.669
1314,6.249,7.408,6.665,6.896,11.085,11.116,6.25,6.897
1315,6.249,7.408,6.666,6.898,10.548,11.116,6.25,6.897
1316,6.452,7.408,6.666,6.898,10.528,10.522,6.25,6.897
1317,6.452,7.408,6.666,6.898,10.528,10.522,6.063,6.666
1318,6.452,7.408,6.452,6.665,10.528,11.109,6.063,6.666
1319,6.25,7.404,6.452,6.665,10.528,11.109,6.063,6.666
1320,6.25,7.404,6.452,6.665,10.52,10.528,5.883,6.896
1321,6.25,7.404,6.452,6.894,10.52,10.528,5.883,6.896
1322,6.25,7.144,6.452,6.894,11.116,11.114,5.883,6.896
1323,6.251,7.144,6.452,6.894,11.116,11.114,6.056,6.896
1324,6.251,7.144,6.452,6.897,10.524,10.526,6.056,6.896
1325,6.251,7.143,6.451,6.897,10.524,11.111,6.056,6.896
1326,6.452,7.143,6.451,6.897,10.528,11.111,6.056,6.668
1327,6.452,7.143,6.451,6.897,10.528,10.526,5.885,6.668
1328,6.452,7.145,6.65,6.897,10.528,10.526,5.885,6.668
1329,6.249,7.145,6.65,6.897,10.528,11.087,5.885,6.894
1330,6.249,7.406,6.65,6.668,11.097,11.087,6.06,6.894
1331,6.249,7.406,6.47,6.668,10.537,10.548,6.06,6.894
1332,6.25,7.406,6.47,6.668,10.537,10.548,6.06,6.67
1333,6.25,7.145,6.47,6.897,10.522,11.106,6.06,6.67
1334,6.25,7.145,6.451,6.897,10.522,11.106,5.716,6.67
1335,6.252,7.145,6.451,6.897,10.526,10.526,5.716,6.666
1336,6.252,7.142,6.451,6.894,10.526,11.118,5.716,6.666
1337,6.252,7.142,6.667,6.894,10.535,11.118,5.883,6.666
1338,6.252,7.142,6.667,6.894,10.535,10.522,5.883,6.897
1339,6.249,7.408,6.667,6.897,10.528,10.522,5.883,6.897
1340,6.249,7.408,6.452,6.897,10.528,10.528,5.873,6.897
1341,6.249,7.408,6.452,6.897,10.518,10.528,5.873,6.66
1342,6.452,7.141,6.452,6.849,10.518,11.114,5.873,6.66
1343,6.452,7.141,6.452,6.849,10.526,11.114,5.873,6.66
1344,6.452,7.141,6.452,6.945,10.526,10.524,6.068,6.672
1345,6.249,7.141,6.452,6.945,10.535,10.524,6.068,6.672
1346,6.249,7.141,6.449,6.945,10.535,11.104,6.068,6.672
1347,6.249,7.41,6.449,6.668,10.516,11.104,5.883,6.897
1348,6.452,7.41,6.449,6.668,10.516,10.531,5.883,6.897
1349,6.452,7.41,6.666,6.668,10.535,11.101,5.883,6.896
1350,6.452,7.367,6.666,6.668,10.526,11.101,6.058,6.896
1351,6.248,7.367,6.666,6.668,10.526,10.537,6.058,6.896
1352,6.248,7.367,6.452,6.668,11.089,10.537,6.058,6.896
1353,6.248,7.182,6.452,6.667,11.089,11.116,6.058,6.896
1354,6.452,7.182,6.452,6.667,10.539,11.116,5.885,6.896
1355,6.452,7.143,6.667,6.667,10.539,10.524,5.885,6.9
1356,6.452,7.143,6.667,6.894,10.531,10.524,5.885,6.9
1357,6.251,7.143,6.667,6.894,10.531,11.116,6.061,6.9
1358,6.251,6.897,6.665,6.894,10.52,11.116,6.061,6.666
1359,6.251,6.897,6.665,6.895,10.52,11.104,6.061,6.666
1360,6.251,6.897,6.665,6.895,10.531,11.104,6.058,6.666
1361,6.451,7.143,6.453,6.895,10.531,10.531,6.058,6.897
1362,6.451,7.143,6.453,6.902,10.522,10.711,6.058,6.897
1363,6.451,7.143,6.453,6.902,10.522,10.711,6.058,6.897
1364,6.252,7.143,6.452,6.902,10.526,10.905,6.063,6.668
1365,6.252,7.143,6.452,6.893,11.116,10.905,6.063,6.668
1366,6.252,7.143,6.452,6.893,11.116,11.121,6.063,6.668
1367,6.249,7.141,6.665,6.893,10.522,11.121,6.058,6.664
1368,6.249,7.141,6.665,6.9,10.522,10.526,6.058,6.664
1369,6.249,7.074,6.665,6.9,10.533,10.526,6.058,6.664
1370,6.25,7.074,6.453,6.9,10.533,11.106,6.253,6.667
1371,6.25,7.074,6.453,6.664,10.526,11.106,6.253,6.667
1372,6.25,7.214,6.453,6.664,10.526,10.961,6.253,6.667
1373,6.451,7.214,6.668,6.664,10.522,10.667,6.253,6.668
1374,6.451,7.214,6.668,6.898,10.522,10.667,5.883,6.668
1375,6.451,7.407,6.668,6.898,10.528,10.526,5.883,6.668
1376,6.25,7.407,6.668,6.898,10.528,10.526,5.883,6.664
1377,6.25,7.407,6.449,6.668,10.526,11.111,6.057,6.664
1378,6.25,7.145,6.449,6.668,10.526,11.111,6.057,6.664
1379,6.25,7.145,6.449,6.668,10.312,10.524,6.057,6.668
1380,6.251,7.395,6.668,6.897,10.312,10.524,6.031,6.668
1381,6.251,7.395,6.668,6.897,10.754,11.118,6.031,6.668
1382,6.251,7.395,6.668,6.897,10.754,11.118,6.031,6.895
1383,6.251,6.907,6.665,6.665,10.52,11.106,6.031,6.895
1384,6.251,6.907,6.665,6.665,10.528,11.111,5.912,6.895
1385,6.251,6.907,6.665,6.665,10.528,11.111,5.912,6.899
1386,6.249,7.145,6.667,6.667,10.524,10.524,5.912,6.899
1387,6.249,7.145,6.667,6.667,10.524,10.524,6.062,6.899
1388,6.249,7.145,6.667,6.667,10.526,11.109,6.062,6.896
1389,6.251,7.14,6.453,6.897,10.526,11.109,6.062,6.896
1390,6.251,7.14,6.453,6.897,10.524,10.537,6.061,6.896
1391,6.251,7.14,6.453,6.897,10.524,10.537,6.061,6.897
1392,6.25,7.692,6.667,6.666,11.049,11.099,6.061,6.897
1393,6.25,7.692,6.667,6.666,11.049,11.099,6.061,6.897
1394,6.25,7.672,6.667,6.666,10.051,11.07,5.882,6.897
1395,6.25,7.672,6.667,6.666,10.051,11.07,5.882,6.897
1396,6.45,7.672,6.667,6.666,10.526,10.565,5.882,6.897
1397,6.45,7.428,6.667,6.666,10.526,11.104,6.058,6.665
1398,6.45,7.428,6.654,6.896,10.531,11.104,6.058,6.665
1399,6.251,7.428,6.654,6.896,10.531,10.531,6.058,6.665
1400,6.251,7.407,6.654,6.896,10.522,10.531,6.06,6.667
1401,6.251,7.407,6.463,6.667,10.522,11.111,6.06,6.667
1402,6.26,7.406,6.463,6.667,10.531,11.111,6.06,6.667
1403,6.26,7.406,6.463,6.897,10.526,10.528,6.06,6.897
1404,6.26,7.406,6.663,6.897,10.526,10.528,6.063,6.897
1405,6.441,7.404,6.663,6.897,10.496,11.111,6.063,6.897
1406,6.441,7.404,6.663,6.897,10.496,11.111,6.063,6.665
1407,6.441,7.404,6.454,6.897,10.029,11.109,6.057,6.665
1408,6.249,7.407,6.454,6.897,10.029,10.524,6.057,6.665
1409,6.249,7.407,6.454,6.897,10.52,10.524,6.057,6.668
1410,6.249,7.145,6.452,6.897,10.52,11.106,5.886,6.668
1411,6.251,7.145,6.452,6.897,11.109,11.106,5.886,6.668
1412,6.251,7.145,6.452,6.897,11.109,10.528,5.886,6.668
1413,6.251,7.143,6.668,6.897,10.528,10.528,5.886,6.668
1414,6.251,7.143,6.668,6.897,10.528,11.116,6.058,6.897
1415,6.249,7.143,6.668,7.143,10.526,11.116,6.058,6.897
1416,6.249,7.145,6.452,7.143,10.526,10.52,6.058,6.897
1417,6.249,7.145,6.452,7.143,10.394,10.52,6.061,6.667
1418,6.248,7.145,6.452,6.897,10.394,11.121,6.061,6.667
1419,6.248,7.143,6.45,6.897,10.669,11.121,6.061,6.667
1420,6.248,7.143,6.45,6.897,10.669,10.707,5.884,6.897
1421,6.252,7.143,6.45,6.707,10.516,10.922,5.884,6.897
1422,6.252,7.144,6.455,6.707,10.522,10.922,5.884,6.897
1423,6.252,7.144,6.455,6.707,10.522,11.109,5.884,6.895
1424,6.255,7.667,6.455,6.856,10.539,11.109,5.884,6.895
1425,6.255,7.667,6.451,6.856,10.539,11.106,5.884,6.895
1426,6.255,7.667,6.451,6.856,10.524,11.106,5.884,7.143
1427,6.448,7.284,6.451,7.145,10.524,10.526,6.06,7.143
1428,6.448,7.284,6.666,7.145,10.524,10.526,6.06,7.143
1429,6.448,7.284,6.666,6.896,10.524,11.118,6.06,6.897
1430,6.448,7.556,6.666,6.896,10.531,11.118,6.245,6.897
1431,6.249,7.556,6.452,6.896,10.531,10.526,6.245,6.897
1432,6.249,7.406,6.452,6.897,10.524,11.111,6.245,6.895
1433,6.249,7.406,6.452,6.897,10.524,11.111,6.252,6.895
1434,6.25,7.406,6.452,6.897,10.526,10.524,6.252,6.895
1435,6.25,7.411,6.451,6.896,10.526,10.524,6.252,6.452
1436,6.25,7.411,6.451,6.896,10.531,11.106,6.252,6.452
1437,6.25,7.411,6.451,6.896,10.531,11.106,6.056,6.452
1438,6.25,6.897,6.451,6.897,11.106,10.526,6.056,6.668
1439,6.25,6.897,6.451,6.897,10.528,10.526,6.056,6.668
1440,6.249,6.897,6.451,6.897,10.528,10.528,5.888,6.668
1441,6.249,7.143,6.668,6.897,10.526,10.528,5.888,6.669
1442,6.249,7.143,6.668,6.897,10.526,11.111,5.888,6.669
1443,6.44,7.143,6.668,6.897,10.52,11.111,5.88,6.669
1444,6.44,7.143,6.452,6.896,10.52,10.528,5.88,6.665
1445,6.44,7.143,6.452,6.896,10.535,11.111,5.88,6.665
1446,6.262,7.142,6.452,6.896,10.535,11.111,5.88,6.665
1447,6.262,7.142,6.668,6.896,10.526,10.524,5.884,6.668
1448,6.262,7.142,6.668,6.896,10.526,10.524,5.884,6.668
1449,6.262,7.142,6.668,6.896,11.101,11.114,5.884,6.668
1450,6.249,7.142,6.45,6.897,11.101,11.114,6.061,6.896
1451,6.249,7.142,6.45,6.897,10.535,10.522,6.061,6.896
1452,6.249,7.141,6.45,6.897,10.535,10.522,6.061,6.896
1453,6.25,7.141,6.668,6.667,10.524,11.114,6.062,6.665
1454,6.25,7.141,6.668,6.667,10.524,11.114,6.062,6.665
1455,6.25,7.4,6.668,6.667,10.522,10.528,6.062,6.665
1456,6.452,7.4,6.45,6.667,10.533,11.111,6.062,6.897
1457,6.452,7.155,6.45,6.667,10.533,11.111,6.06,6.897
1458,6.452,7.155,6.45,6.667,10.522,11.101,6.06,6.897
1459,6.25,7.155,6.667,6.897,10.522,11.101,6.06,6.668
1460,6.25,7.406,6.667,6.897,10.526,10.531,5.884,6.668
1461,6.25,7.406,6.667,6.897,10.526,10.531,5.884,6.668
1462,6.251,7.406,6.452,6.897,10.533,11.114,5.884,6.667
1463,6.251,7.406,6.452,6.897,10.533,11.114,6.058,6.667
1464,6.251,7.406,6.452,6.897,10.522,10.526,6.058,6.667
1465,6.251,7.406,6.452,6.897,10.522,10.526,6.058,6.668
1466,6.249,7.145,6.452,6.897,11.111,11.111,6.058,6.668
1467,6.249,7.145,6.452,6.896,11.111,11.111,6.061,6.668
1468,6.249,7.141,6.451,6.896,10.531,10.524,6.061,6.896
1469,6.433,7.141,6.451,6.896,10.531,11.109,6.061,6.896
1470,6.433,7.141,6.451,6.668,10.522,11.109,6.104,6.896
1471,6.433,6.896,6.668,6.668,10.522,11.111,6.104,6.897
1472,6.268,6.896,6.668,6.668,10.526,11.111,6.104,6.897
1473,6.268,6.896,6.668,6.896,10.528,10.528,5.974,6.897
1474,6.268,7.143,6.453,6.896,10.528,10.528,5.974,6.897
1475,6.251,7.143,6.453,6.896,10.518,11.109,5.974,6.897
1476,6.251,7.143,6.453,6.897,10.518,11.109,5.974,6.665
1477,6.251,6.946,6.452,6.897,11.118,10.528,5.753,6.665
1478,6.249,6.946,6.452,6.897,11.118,10.528,5.753,6.665
1479,6.249,6.946,6.452,6.897,10.531,11.114,5.753,6.896
1480,6.249,7.341,6.452,6.897,10.531,10.524,5.714,6.896
1481,6.249,7.341,6.451,6.897,10.513,10.524,5.714,6.896
1482,6.249,7.341,6.451,6.888,10.513,11.109,5.714,6.667
1483,6.249,7.155,6.451,6.888,10.535,11.109,5.714,6.667
1484,6.249,7.155,6.667,6.888,10.535,11.099,6.061,6.667
1485,6.252,7.405,6.667,6.675,10.524,11.099,6.061,6.666
1486,6.252,7.405,6.667,6.675,10.524,10.537,6.061,6.666
1487,6.252,7.405,6.45,6.675,10.526,10.537,5.883,6.666
1488,6.449,7.411,6.45,6.667,10.526,11.106,5.883,6.668
1489,6.449,7.411,6.45,6.667,10.528,11.106,5.883,6.668
1490,6.449,7.411,6.451,6.667,10.524,10.531,5.883,6.668
1491,6.249,7.403,6.451,6.667,10.524,11.114,5.714,6.667
1492,6.249,7.403,6.451,6.667,10.526,11.114,5.714,6.667
1493,6.249,7.144,6.528,6.667,10.526,10.526,5.714,6.667
1494,6.252,7.144,6.528,6.667,10.528,10.526,6.061,6.667
1495,6.252,7.144,6.528,6.667,10.528,10.689,6.061,6.667
1496,6.252,7.407,6.587,6.667,10.526,10.689,6.061,6.667
1497,6.248,7.407,6.587,6.897,10.526,10.94,6.062,6.897
1498,6.248,7.407,6.587,6.897,10.528,10.94,6.062,6.897
1499,6.248,7.143,6.454,6.897,10.528,11.114,6.062,6.897
1500,6.452,7.143,6.454,6.666,10.524,11.114,6.247,6.667
1501,6.452,7.143,6.454,6.666,10.524,10.524,6.247,6.667
1502,6.452,7.145,6.452,6.666,10.522,10.524,6.247,6.667
1503,6.452,7.145,6.452,6.896,10.522,11.109,6.247,7.143
1504,6.452,7.145,6.452,6.896,10.533,11.104,6.246,7.143
1505,6.452,7.142,6.662,6.896,10.533,11.104,6.246,7.143
1506,6.452,7.142,6.662,6.67,10.524,10.535,6.246,6.895
1507,6.25,7.41,6.662,6.67,10.524,10.535,6.257,6.895
1508,6.25,7.41,6.454,6.67,10.522,11.114,6.257,6.895
1509,6.25,7.41,6.454,6.666,11.106,11.114,6.257,6.897
1510,6.451,7.142,6.454,6.666,11.106,10.522,6.059,6.897
1511,6.451,7.142,6.452,6.666,10.533,10.522,6.059,6.897
1512,6.451,7.142,6.452,6.667,10.533,11.114,6.059,6.894
1513,6.252,6.894,6.452,6.667,10.531,11.114,5.882,6.894
1514,6.252,6.894,6.668,6.667,10.531,10.524,5.882,6.894
1515,6.252,6.894,6.668,6.896,10.524,11.114,5.882,6.671
1516,6.248,7.143,6.668,6.896,10.524,11.114,5.882,6.671
1517,6.248,7.143,6.45,6.896,10.524,10.522,6.061,6.671
1518,6.248,7.143,6.45,6.667,10.524,10.522,6.061,6.668
1519,6.251,7.144,6.45,6.667,10.528,11.118,6.061,6.668
1520,6.251,7.144,6.452,6.667,10.528,11.118,5.882,6.668
1521,6.251,7.144,6.452,6.896,10.531,11.104,5.882,6.894
1522,6.251,7.144,6.452,6.896,10.531,11.104,5.882,6.894
1523,6.249,7.144,6.666,6.896,10.516,10.531,5.882,6.894
1524,6.249,7.141,6.666,6.452,10.516,10.531,5.884,6.655
1525,6.249,7.141,6.666,6.452,10.535,11.109,5.884,6.655
1526,6.452,7.141,6.666,6.452,10.522,11.109,5.884,6.655
1527,6.452,7.407,6.452,6.897,10.522,10.526,6.061,6.678
1528,6.452,7.407,6.452,6.897,10.526,11.111,6.061,6.678
1529,6.25,7.407,6.452,6.893,10.526,11.111,6.061,6.678
1530,6.25,7.41,6.668,6.893,10.528,10.528,5.882,6.893
1531,6.25,7.41,6.668,6.893,10.528,10.528,5.882,6.893
1532,6.249,7.371,6.668,6.897,11.101,11.114,5.882,6.893
1533,6.249,7.371,6.452,6.897,11.101,11.114,5.882,6.669
1534,6.249,7.371,6.452,6.897,10.533,11.104,5.881,6.669
1535,6.251,7.176,6.452,6.897,10.533,11.104,5.881,6.669
1536,6.251,7.176,6.668,6.897,10.533,10.531,5.881,6.666
1537,6.251,7.176,6.668,6.897,10.533,10.531,6.06,6.666
1538,6.448,7.14,6.668,7.145,10.522,11.106,6.06,6.898
1539,6.448,7.14,6.452,7.145,10.522,10.526,6.06,6.898
1540,6.448,7.14,6.452,7.145,10.524,10.526,6.062,6.898
1541,6.448,7.146,6.452,6.664,10.524,11.106,6.062,6.668
1542,6.253,7.146,6.666,6.664,10.526,11.106,6.062,6.668
1543,6.253,7.143,6.666,6.664,10.524,11.116,6.062,6.668
1544,6.253,7.143,6.666,6.899,10.524,11.116,6.061,6.668
1545,6.45,7.143,6.45,6.899,10.64,11.109,6.061,6.668
1546,6.45,6.897,6.45,6.899,10.64,11.109,6.061,6.668
1547,6.45,6.897,6.45,6.665,10.994,11.114,6.062,6.666
1548,6.252,6.897,6.452,6.665,10.994,11.114,6.062,6.666
1549,6.252,7.387,6.452,6.665,10.52,10.524,6.062,6.666
1550,6.252,7.387,6.452,6.896,10.52,11.114,5.882,6.666
1551,6.248,7.387,6.452,6.896,10.531,11.114,5.882,6.666
1552,6.248,7.162,6.452,6.896,10.531,11.109,5.882,6.666
1553,6.248,7.162,6.452,6.667,10.537,11.109,5.882,6.665
1554,6.452,7.162,6.661,6.667,10.537,11.114,6.058,6.665
1555,6.452,7.143,6.661,6.667,10.511,11.114,6.058,6.665
1556,6.452,7.143,6.661,6.668,10.511,10.522,6.058,6.897
1557,6.251,7.143,6.455,6.668,10.531,10.522,5.918,6.897
1558,6.251,7.143,6.455,6.668,11.087,11.116,5.918,6.897
1559,6.251,7.143,6.455,6.897,11.087,11.116,5.918,6.667
1560,6.251,7.142,6.456,6.897,10.544,10.526,6.025,6.667
1561,6.25,7.142,6.456,6.897,10.544,11.111,6.025,6.667
1562,6.25,7.142,6.456,6.898,10.528,11.111,6.025,6.667
1563,6.25,7.144,6.666,6.898,10.528,11.111,6.025,6.667
1564,6.251,7.144,6.666,6.898,10.526,11.111,5.882,6.667
1565,6.251,7.144,6.666,6.896,10.526,10.526,5.882,6.668
1566,6.251,7.407,6.45,6.896,10.616,10.526,5.882,6.668
1567,6.239,7.407,6.45,7.144,10.616,11.114,6.25,6.668
1568,6.239,7.406,6.45,7.144,11.018,11.114,6.25,6.668
1569,6.239,7.406,6.668,7.144,11.018,10.528,6.25,6.668
1570,6.261,7.406,6.668,6.897,10.52,10.528,5.88,6.668
1571,6.261,7.408,6.668,6.897,10.52,11.109,5.88,6.667
1572,6.261,7.408,6.449,6.897,10.528,10.528,5.88,6.667
1573,6.25,7.408,6.449,6.895,10.528,10.528,5.88,6.667
1574,6.25,7.408,6.449,6.895,10.528,11.114,6.062,6.897
1575,6.25,7.408,6.667,6.895,10.524,11.114,6.062,6.897
1576,6.25,7.408,6.667,6.897,10.524,10.522,6.062,6.897
1577,6.251,7.404,6.667,6.897,10.531,10.522,5.883,6.897
1578,6.251,7.404,6.667,6.897,10.531,10.528,5.883,6.897
1579,6.251,7.145,6.453,6.665,10.528,10.528,5.883,6.897
1580,6.25,7.145,6.453,6.665,10.528,11.114,6.061,6.895
1581,6.25,7.145,6.453,6.665,10.516,11.114,6.061,6.895
1582,6.25,7.141,6.665,6.667,10.516,11.109,6.061,6.895
1583,6.45,7.141,6.665,6.667,10.531,11.099,6.061,6.896
1584,6.45,7.141,6.665,6.667,10.531,11.099,6.061,6.896
1585,6.45,7.143,6.451,6.888,10.531,10.531,6.061,6.896
1586,6.25,7.143,6.451,6.888,10.531,10.531,6.061,6.668
1587,6.25,7.143,6.451,6.888,10.522,11.116,5.881,6.668
1588,6.25,7.144,6.668,6.677,10.522,11.116,5.881,6.668
1589,6.251,7.144,6.668,6.677,11.111,11.114,5.881,6.896
1590,6.251,7.407,6.668,6.677,11.111,11.114,5.88,6.896
1591,6.251,7.407,6.452,6.895,9.998,10.526,5.88,6.896
1592,6.251,7.407,6.452,6.895,11.118,10.526,5.88,6.668
1593,6.25,7.145,6.452,6.895,11.118,11.114,5.88,6.668
1594,6.25,7.145,6.668,6.897,10.531,11.111,5.716,6.668
1595,6.25,7.145,6.668,6.897,10.531,11.111,5.716,6.668
1596,6.251,7.406,6.668,6.897,10.522,10.526,5.716,6.668
1597,6.251,7.406,6.451,7.139,10.522,10.526,6.062,6.668
1598,6.251,7.406,6.451,7.139,11.109,11.106,6.062,6.668
1599,6.249,7.404,6.451,6.898,11.109,11.106,6.062,6.668
1600,6.249,7.404,6.449,6.898,10.528,10.528,6.062,6.668
1601,6.249,7.692,6.449,6.898,10.528,10.528,5.882,6.895
1602,6.452,7.692,6.449,6.898,10.522,10.522,5.882,6.895
1603,6.452,7.692,6.668,6.898,10.522,10.522,5.882,6.895
1604,6.452,7.406,6.668,6.898,10.531,11.111,5.884,6.895
1605,6.452,7.406,6.668,6.664,10.531,11.111,5.884,6.895
1606,6.452,7.406,6.451,6.664,10.526,10.531,5.884,6.895
1607,6.452,7.147,6.451,6.664,10.526,11.106,6.054,6.667
1608,6.249,7.147,6.451,6.897,10.522,11.106,6.054,6.667
1609,6.249,7.406,6.669,6.897,10.535,10.531,6.054,6.667
1610,6.249,7.406,6.669,6.897,10.535,10.531,6.054,6.668
1611,6.453,7.406,6.669,6.899,10.522,11.087,5.887,6.668
1612,6.453,7.144,6.649,6.899,10.522,11.087,5.887,6.668
1613,6.453,7.144,6.649,6.899,10.524,10.544,5.887,6.666
1614,6.453,7.144,6.649,6.893,10.524,10.544,6.06,6.666
1615,6.248,7.408,6.47,6.893,11.063,10.528,6.06,6.666
1616,6.248,7.408,6.47,6.893,11.063,10.528,6.06,6.897
1617,6.248,7.408,6.47,6.897,10.041,11.109,6.253,6.897
1618,6.452,7.144,6.452,6.897,10.041,11.109,6.253,7.051
1619,6.452,7.144,6.452,6.897,10.522,11.109,6.253,7.051
1620,6.452,7.403,6.452,6.669,10.522,10.528,6.06,7.051
1621,6.251,7.403,6.664,6.669,11.082,10.528,6.06,6.913
1622,6.251,7.403,6.664,6.669,11.082,11.111,6.06,6.913
1623,6.251,7.144,6.664,6.897,10.552,11.111,6.06,6.913
1624,6.43,7.144,6.665,6.897,10.552,11.109,5.881,6.955
1625,6.43,7.144,6.665,6.897,10.524,11.109,5.881,6.955
1626,6.43,7.143,6.665,6.898,10.533,10.528,5.881,6.955
1627,6.27,7.143,6.452,6.898,10.533,10.528,6.059,6.909
1628,6.27,7.143,6.452,6.898,10.522,11.109,6.059,6.909
1629,6.27,7.143,6.452,6.666,10.522,11.109,6.059,6.909
1630,6.25,7.143,6.668,6.666,10.522,11.109,6.063,6.668
1631,6.25,7.143,6.668,6.666,10.522,10.531,6.063,6.668
1632,6.25,7.145,6.668,6.895,10.533,10.531,6.063,6.668
1633,6.25,7.145,6.452,6.895,10.533,11.109,6.063,6.667
1634,6.251,7.405,6.452,7.146,10.524,11.109,5.882,6.667
1635,6.251,7.405,6.452,7.146,10.524,11.111,5.882,6.667
1636,6.251,7.405,6.452,7.146,10.524,11.111,5.882,6.666
1637,6.25,7.145,6.452,6.666,10.524,10.526,6.06,6.666
1638,6.25,7.145,6.452,6.666,10.531,10.526,6.06,6.666
1639,6.25,7.145,6.452,6.666,10.531,11.109,6.06,6.668
1640,6.249,7.141,6.663,6.664,10.522,11.109,6.059,6.668
1641,6.249,7.141,6.663,6.664,10.522,11.121,6.059,6.668
1642,6.249,7.141,6.663,6.664,10.531,11.114,6.059,6.666
1643,6.251,7.141,6.455,6.668,10.531,11.114,6.059,6.666
1644,6.251,7.141,6.455,6.668,10.531,10.524,6.061,6.666
1645,6.251,7.141,6.455,6.668,10.522,10.524,6.061,6.668
1646,6.249,7.145,6.452,6.669,10.522,11.114,6.061,6.668
1647,6.249,7.145,6.452,6.669,11.109,11.114,5.882,6.668
1648,6.249,7.143,6.452,6.669,11.109,10.528,5.882,6.897
1649,6.249,7.143,6.667,6.895,10.526,10.528,5.882,6.897
1650,6.452,7.143,6.667,6.895,10.526,11.109,5.882,6.897
1651,6.452,7.143,6.667,6.895,10.526,11.109,5.884,6.896
1652,6.452,7.143,6.452,6.897,10.526,10.524,5.884,6.896
1653,6.251,7.143,6.452,6.897,10.531,11.114,5.884,6.896
1654,6.251,6.898,6.452,6.897,10.531,11.114,6.061,6.895
1655,6.251,6.898,6.666,6.897,10.522,10.524,6.061,6.895
1656,6.25,6.898,6.666,6.897,10.522,10.524,6.061,6.895
1657,6.25,7.141,6.666,6.897,10.528,11.111,6.246,6.897
1658,6.25,7.141,6.452,6.897,10.528,11.111,6.246,6.897
1659,6.452,7.141,6.452,6.897,10.528,11.111,6.246,6.897
1660,6.452,7.145,6.452,6.897,10.528,11.111,6.238,6.897
1661,6.452,7.145,6.666,6.896,10.522,10.524,6.238,6.897
1662,6.249,7.143,6.666,6.896,10.526,10.524,6.238,6.897
1663,6.249,7.143,6.666,6.896,10.526,11.114,6.238,6.666
1664,6.249,7.143,6.45,6.666,10.526,11.111,5.894,6.666
1665,6.451,7.14,6.45,6.666,10.526,11.111,5.894,6.897
1666,6.451,7.14,6.45,6.666,10.524,10.524,5.894,6.897
1667,6.451,7.14,6.665,7.14,10.524,10.524,6.063,6.897
1668,6.451,7.143,6.665,7.14,10.533,10.528,6.063,6.669
1669,6.251,7.143,6.665,7.14,10.533,10.528,6.063,6.669
1670,6.251,7.143,6.452,6.898,10.524,11.106,6.06,6.669
1671,6.251,7.408,6.452,6.898,10.524,11.106,6.06,6.667
1672,6.395,7.408,6.452,7.146,11.109,10.526,6.06,6.667
1673,6.395,7.405,6.453,7.146,11.109,10.526,6.06,6.667
1674,6.395,7.405,6.453,7.146,10.531,11.114,6.059,6.896
1675,6.301,7.405,6.453,7.142,10.531,11.114,6.059,6.896
1676,6.301,7.146,6.668,7.142,10.526,10.528,6.059,6.896
1677,6.301,7.146,6.668,7.142,10.526,11.104,5.883,6.896
1678,6.252,7.146,6.668,6.895,10.524,11.104,5.883,6.896
1679,6.252,7.41,6.452,6.895,10.528,11.114,5.883,6.896
1680,6.252,7.41,6.452,6.895,10.528,11.114,6.06,6.896
1681,6.25,7.41,6.452,6.897,10.526,10.526,6.06,6.896
1682,6.25,7.142,6.668,6.897,10.526,10.526,6.06,6.896
1683,6.25,7.142,6.668,6.897,10.52,11.106,6.06,6.897
1684,6.252,7.698,6.668,6.898,10.52,11.106,5.884,6.897
1685,6.252,7.698,6.452,6.898,10.533,10.531,5.884,6.897
1686,6.252,7.698,6.452,6.898,10.533,10.531,5.884,6.898
1687,6.252,7.135,6.452,6.665,11.109,11.111,6.061,6.898
1688,6.249,7.135,6.452,6.665,11.109,11.111,6.061,6.898
1689,6.249,7.135,6.449,6.665,10.524,10.524,6.061,6.671
1690,6.249,7.408,6.449,6.668,10.524,11.114,6.06,6.671
1691,6.452,7.408,6.449,6.668,10.531,11.114,6.06,6.671
1692,6.452,7.408,6.667,6.668,10.531,10.526,6.06,6.89
1693,6.452,7.142,6.667,6.668,10.522,10.526,6.06,6.89
1694,6.25,7.142,6.667,6.668,10.522,11.111,6.06,6.89
1695,6.25,7.142,6.452,6.668,10.524,11.111,6.06,7.146
1696,6.25,6.896,6.452,6.896,10.531,10.528,6.06,7.146
1697,6.451,6.896,6.452,6.896,10.531,10.528,6.059,7.146
1698,6.451,7.145,6.452,6.896,11.106,11.106,6.059,6.667
1699,6.451,7.145,6.452,6.895,11.106,11.106,6.059,6.667
1700,6.251,7.145,6.452,6.895,10.528,10.524,6.253,6.667
1701,6.251,7.144,6.453,6.895,10.528,11.118,6.253,6.897
1702,6.251,7.144,6.453,6.898,10.528,11.118,6.253,6.897
1703,6.25,7.144,6.453,6.898,10.528,10.522,6.06,6.897
1704,6.25,7.146,6.665,6.898,10.526,10.522,6.06,6.667
1705,6.25,7.146,6.665,6.895,10.526,11.109,6.06,6.667
1706,6.25,7.146,6.665,6.895,10.522,11.109,6.06,6.667
1707,6.248,7.141,6.669,7.145,10.522,10.531,5.881,6.664
1708,6.248,7.141,6.669,7.145,10.531,10.531,5.881,6.664
1709,6.248,7.406,6.669,7.145,10.531,11.109,5.881,6.664
1710,6.453,7.406,6.666,6.667,10.522,11.109,6.061,6.668
1711,6.453,7.406,6.666,6.667,10.522,10.526,6.061,6.668
1712,6.453,7.464,6.666,6.667,10.533,10.526,6.061,6.668
1713,6.251,7.464,6.452,6.886,10.524,11.111,5.942,6.666
1714,6.251,7.464,6.452,6.886,10.524,11.114,5.942,6.666
1715,6.251,7.161,6.452,6.886,11.106,11.114,5.942,6.896
1716,6.451,7.161,6.451,6.675,11.106,10.524,5.942,6.896
1717,6.451,7.161,6.451,6.675,10.533,10.524,6.001,6.896
1718,6.451,7.254,6.451,6.675,10.533,11.118,6.001,6.668
1719,6.251,7.254,6.45,6.895,10.524,11.118,6.001,6.668
1720,6.251,7.254,6.45,6.895,10.524,10.503,5.882,6.668
1721,6.251,6.968,6.45,6.895,10.52,10.503,5.882,6.897
1722,6.249,6.968,6.667,6.898,10.52,11.138,5.882,6.897
1723,6.249,7.407,6.667,6.898,10.533,11.138,6.042,6.897
1724,6.249,7.407,6.667,6.898,10.533,10.528,6.042,6.668
1725,6.249,7.407,6.451,6.895,10.524,11.111,6.042,6.668
1726,6.452,7.141,6.451,6.895,10.524,11.111,6.042,6.668
1727,6.452,7.141,6.451,6.895,10.526,11.101,5.9,6.897
1728,6.452,7.141,6.454,6.667,10.526,11.101,5.9,6.897
1729,6.25,7.407,6.454,6.667,10.531,11.118,5.9,6.897
1730,6.25,7.407,6.454,6.667,10.52,11.118,6.196,7.148
1731,6.25,7.407,6.45,6.667,10.52,10.522,6.196,7.148
1732,6.452,6.897,6.45,6.667,10.533,10.522,6.196,7.148
1733,6.452,6.897,6.45,6.667,10.533,11.114,6.113,6.887
1734,6.452,7.142,6.669,6.896,11.104,11.114,6.113,6.887
1735,6.249,7.142,6.669,6.896,11.104,10.528,6.113,6.887
1736,6.249,7.142,6.669,6.896,10.528,11.111,6.113,6.897
1737,6.249,7.144,6.669,6.667,10.528,11.111,6.06,6.897
1738,6.251,7.144,6.452,6.667,10.528,10.524,6.06,6.897
1739,6.251,7.144,6.452,6.667,10.528,10.524,6.06,6.667
1740,6.251,7.407,6.452,6.668,10.526,11.111,6.061,6.667
1741,6.45,7.407,6.663,6.668,10.526,11.111,6.061,6.667
1742,6.45,7.407,6.663,6.668,10.526,10.524,6.061,6.897
1743,6.45,7.682,6.663,7.142,10.526,10.524,6.06,6.897
1744,6.452,7.682,6.452,7.142,10.526,11.114,6.06,6.897
1745,6.452,7.155,6.452,7.142,10.526,11.114,6.06,7.143
1746,6.452,7.155,6.452,6.667,10.524,11.109,6.06,7.143
1747,6.452,7.155,6.666,6.667,10.522,11.109,6.062,6.898
1748,6.251,7.407,6.666,7.143,10.522,10.531,6.062,6.898
1749,6.251,7.407,6.666,7.143,10.541,11.101,6.062,6.898
1750,6.251,7.407,6.454,7.143,10.541,11.101,6.125,6.895
1751,6.452,7.406,6.454,6.81,10.52,10.535,6.125,6.895
1752,6.452,7.406,6.454,6.81,10.52,10.535,6.125,6.895
1753,6.452,7.406,6.665,6.81,10.522,11.068,5.997,6.898
1754,6.251,7.14,6.665,6.98,10.522,11.068,5.997,6.898
1755,6.251,7.14,6.665,6.98,11.116,10.568,5.997,6.898
1756,6.251,7.145,6.452,6.98,11.116,10.568,6.059,6.896
1757,6.437,7.145,6.452,6.904,10.522,10.52,6.059,6.896
1758,6.437,7.145,6.452,6.904,10.522,10.52,6.059,6.896
1759,6.437,7.14,6.453,6.904,10.526,11.114,6.059,6.664
1760,6.264,7.14,6.453,6.896,10.526,11.114,5.884,6.664
1761,6.264,7.14,6.453,6.896,10.528,10.522,5.884,6.664
1762,6.264,7.143,6.666,6.896,10.528,11.116,5.884,6.669
1763,6.25,7.143,6.666,6.668,10.524,11.116,6.061,6.669
1764,6.25,7.143,6.666,6.668,10.531,11.109,6.061,6.669
1765,6.25,6.899,6.452,6.668,10.531,11.109,6.061,6.896
1766,6.25,6.899,6.452,6.895,10.526,10.524,6.059,6.896
1767,6.25,6.899,6.452,6.895,10.526,10.524,6.059,6.896
1768,6.25,7.144,6.667,6.895,10.52,11.111,6.059,6.897
1769,6.25,7.144,6.667,6.666,10.52,11.111,6.059,6.897
1770,6.452,7.143,6.667,6.666,11.118,10.526,6.061,6.897
1771,6.452,7.143,6.452,6.666,11.118,10.526,6.061,6.668
1772,6.452,7.143,6.452,6.668,10.524,11.114,6.061,6.668
1773,6.25,7.405,6.452,6.668,10.524,10.526,6.06,6.668
1774,6.25,7.405,6.452,6.668,10.522,10.526,6.06,6.666
1775,6.25,7.405,6.452,6.896,10.522,11.075,6.06,6.666
1776,6.45,7.143,6.452,6.896,10.533,11.075,6.061,6.666
1777,6.45,7.143,6.666,6.896,10.533,10.557,6.061,6.668
1778,6.45,7.143,6.666,6.897,10.52,10.557,6.061,6.668
1779,6.251,7.143,6.666,6.897,10.989,11.094,6.061,6.668
1780,6.251,7.143,6.451,6.897,10.989,11.094,6.061,6.896
1781,6.251,7.406,6.451,6.667,10.644,10.541,6.061,6.896
1782,6.453,7.406,6.451,6.667,10.644,10.541,6.061,6.896
1783,6.453,7.406,6.452,6.667,10.518,11.109,6.061,6.663
1784,6.453,7.142,6.452,6.897,10.518,10.526,6.061,6.663
1785,6.453,7.142,6.452,6.897,10.466,10.526,6.061,6.663
1786,6.248,7.142,6.666,6.897,10.466,11.109,6.059,6.898
1787,6.248,7.41,6.666,6.895,10.063,11.109,6.059,6.898
1788,6.248,7.41,6.666,6.895,10.063,11.118,6.059,6.898
1789,6.251,7.41,6.666,6.895,10.518,11.118,6.059,6.452
1790,6.251,7.142,6.452,6.669,10.518,10.526,6.061,6.452
1791,6.251,7.142,6.452,6.669,10.535,10.526,6.061,6.452
1792,6.25,7.41,6.452,6.896,10.535,11.111,6.061,6.666
1793,6.25,7.41,6.668,6.896,11.104,11.111,6.061,6.666
1794,6.25,7.41,6.668,6.896,11.104,11.118,6.061,6.666
1795,6.452,7.142,6.668,6.666,10.524,11.118,6.061,6.668
1796,6.452,7.142,6.637,6.666,10.524,10.524,6.062,6.668
1797,6.452,7.142,6.637,6.666,10.535,11.114,6.062,6.668
1798,6.25,7.142,6.637,6.896,10.526,11.114,6.062,6.897
1799,6.25,7.142,6.48,6.896,10.526,10.524,6.061,6.897
1800,6.25,7.142,6.48,6.896,10.518,10.524,6.061,6.897
1801,6.249,7.402,6.48,6.667,10.518,11.104,6.061,6.897
1802,6.249,7.402,6.669,6.667,10.535,11.104,6.061,6.897
1803,6.249,7.402,6.669,6.667,10.535,10.535,6.061,6.897
1804,6.249,7.148,6.669,6.898,11.101,10.535,6.061,6.898
1805,6.249,7.148,6.451,6.898,11.101,11.106,6.061,6.898
1806,6.249,6.897,6.451,6.898,10.526,11.106,6.249,6.895
1807,6.249,6.897,6.451,6.665,10.526,10.714,6.249,6.895
1808,6.252,6.897,6.662,6.665,10.537,10.912,6.249,6.895
1809,6.252,7.148,6.662,6.665,10.537,10.912,6.062,6.897
1810,6.252,7.148,6.662,6.668,11.068,10.522,6.062,6.897
1811,6.449,7.148,6.452,6.668,11.068,10.522,6.062,6.897
1812,6.449,7.14,6.452,6.668,10.561,11.114,6.062,6.896
1813,6.449,7.14,6.452,6.665,10.528,11.114,5.881,6.896
1814,6.251,7.14,6.667,6.665,10.528,10.522,5.881,6.896
1815,6.251,7.143,6.667,6.665,10.522,10.522,5.881,6.666
1816,6.251,7.143,6.667,7.145,10.522,11.121,6.062,6.666
1817,6.249,7.143,6.451,7.145,10.526,11.121,6.062,6.666
1818,6.249,7.142,6.451,7.145,10.526,10.524,6.062,6.667
1819,6.249,7.142,6.451,6.896,10.528,10.524,5.882,6.667
1820,6.452,7.144,6.454,6.896,10.528,11.075,5.882,6.667
1821,6.452,7.144,6.454,6.896,10.522,10.557,5.882,6.667
1822,6.452,7.144,6.454,6.897,10.522,10.557,5.882,6.667
1823,6.452,7.143,6.45,6.897,10.638,10.528,5.881,6.667
1824,6.251,7.143,6.45,6.897,10.638,10.528,5.881,6.452
1825,6.251,7.143,6.45,7.141,10.999,10.524,5.881,6.452
1826,6.251,7.406,6.669,7.141,10.999,10.524,6.062,6.452
1827,6.251,7.406,6.669,7.141,10.52,11.111,6.062,6.787
1828,6.251,7.406,6.669,6.9,10.52,11.111,6.062,6.787
1829,6.251,7.406,6.452,6.9,10.528,11.099,6.062,6.787
1830,6.248,7.406,6.452,6.878,10.531,11.099,6.062,6.773
1831,6.248,7.411,6.452,6.878,10.531,10.535,6.062,6.773
1832,6.248,7.411,6.452,6.878,10.524,10.535,6.062,6.773
1833,6.452,7.411,6.452,6.679,10.524,11.116,6.057,6.668
1834,6.452,7.403,6.452,6.679,10.522,10.533,6.057,6.668
1835,6.452,7.403,6.448,6.679,10.522,10.533,6.057,6.668
1836,6.251,7.403,6.448,6.672,10.524,11.104,5.884,6.896
1837,6.251,7.413,6.448,6.672,10.524,11.104,5.884,6.896
1838,6.251,7.413,6.67,6.672,10.528,10.528,5.884,6.896
1839,6.251,7.405,6.67,6.897,10.528,10.528,6.048,6.667
1840,6.249,7.405,6.67,6.897,10.531,11.111,6.048,6.667
1841,6.249,7.405,6.67,6.897,10.531,11.111,6.048,6.667
1842,6.249,7.141,6.451,6.896,10.522,10.522,6.048,6.896
1843,6.454,7.141,6.451,6.896,10.522,10.522,6.073,6.896
1844,6.454,7.141,6.451,6.896,10.524,11.104,6.073,6.896
1845,6.454,7.154,6.664,6.668,10.524,11.104,6.073,6.897
1846,6.247,7.154,6.664,6.668,11.104,10.537,6.061,6.897
1847,6.247,7.154,6.664,6.668,10.507,11.101,6.061,6.897
1848,6.247,7.134,6.668,6.896,10.507,11.101,6.061,6.666
1849,6.251,7.134,6.668,6.896,10.559,11.104,5.882,6.666
1850,6.251,7.134,6.668,6.896,10.559,11.104,5.882,6.666
1851,6.251,7.14,6.453,6.667,10.526,10.533,5.882,6.897
1852,6.447,7.14,6.453,6.667,10.526,10.533,5.882,6.897
1853,6.447,7.41,6.453,6.667,10.518,10.531,6.06,6.897
1854,6.447,7.41,6.668,6.896,10.518,10.531,6.06,6.667
1855,6.253,7.41,6.668,6.896,10.535,11.104,6.06,6.667
1856,6.253,7.145,6.668,6.896,10.535,11.104,5.882,6.667
1857,6.253,7.145,6.451,6.898,11.104,10.526,5.882,6.896
1858,6.253,7.145,6.451,6.898,11.104,11.114,5.882,6.896
1859,6.251,7.141,6.451,6.898,10.526,11.114,5.882,6.896
1860,6.251,7.141,6.668,6.667,10.526,10.526,5.715,6.665
1861,6.251,7.141,6.668,6.667,10.531,10.526,5.715,6.665
1862,6.25,7.144,6.668,6.667,10.531,11.111,5.715,6.665
1863,6.25,7.144,6.452,6.897,10.528,11.111,5.884,6.451
1864,6.25,7.144,6.452,6.897,10.522,10.531,5.884,6.451
1865,6.25,7.141,6.452,6.897,10.522,10.531,5.884,6.451
1866,6.25,7.141,6.664,6.894,10.528,11.101,6.06,6.668
1867,6.25,7.406,6.664,6.894,10.528,11.101,6.06,6.668
1868,6.249,7.406,6.664,6.894,10.522,11.111,6.06,6.668
1869,6.249,7.406,6.451,6.895,10.522,11.111,6.06,6.667
1870,6.249,7.144,6.451,6.895,10.531,10.528,5.883,6.667
1871,6.449,7.144,6.451,6.895,10.531,11.087,5.883,6.667
1872,6.449,7.144,6.669,6.897,10.531,11.087,5.883,6.898
1873,6.449,6.938,6.669,6.897,10.531,10.552,6.059,6.898
1874,6.254,6.938,6.669,6.897,11.104,10.552,6.059,6.898
1875,6.254,6.938,6.667,6.668,11.104,11.111,6.059,6.896
1876,6.254,7.1,6.667,6.668,10.531,11.111,6.251,6.896
1877,6.254,7.1,6.667,6.895,10.531,10.531,6.251,6.896
1878,6.452,7.1,6.451,6.895,10.524,10.531,6.251,6.897
1879,6.452,7.146,6.451,6.895,10.524,11.106,6.252,6.897
1880,6.452,7.146,6.451,6.668,10.522,11.106,6.252,6.896
1881,6.247,7.137,6.668,6.668,10.533,11.106,6.252,6.896
1882,6.247,7.137,6.668,6.668,10.533,10.528,6.252,6.896
1883,6.247,7.137,6.668,6.666,10.52,10.528,6.059,7.143
1884,6.253,7.148,6.665,6.666,10.52,11.101,6.059,7.143
1885,6.253,7.148,6.665,6.666,10.526,11.101,6.059,7.143
1886,6.253,7.148,6.665,6.668,10.526,10.524,5.882,6.883
1887,6.248,6.892,6.67,6.668,10.528,10.524,5.882,6.883
1888,6.248,6.892,6.67,6.668,10.528,11.121,5.882,6.883
1889,6.248,6.892,6.67,6.668,10.524,11.121,6.059,6.679
1890,6.251,7.146,6.451,6.668,10.524,11.116,6.059,6.679
1891,6.251,7.146,6.451,6.668,10.526,11.116,6.059,6.679
1892,6.251,7.146,6.451,6.895,10.526,10.528,6.059,6.897
1893,6.251,7.401,6.667,6.895,10.533,11.116,6.063,6.897
1894,6.251,7.401,6.667,6.895,10.533,11.116,6.063,6.897
1895,6.251,7.149,6.667,6.666,10.52,10.982,6.063,6.896
1896,6.251,7.149,6.452,6.666,10.52,10.982,6.061,6.896
1897,6.248,7.149,6.452,6.666,10.539,10.636,6.061,6.896
1898,6.248,6.895,6.452,6.897,10.539,10.636,6.061,6.668
1899,6.248,6.895,6.667,6.897,10.52,11.121,6.058,6.668
1900,6.453,6.895,6.667,6.897,10.52,11.121,6.058,6.668
1901,6.453,7.145,6.667,6.666,10.52,10.52,6.058,6.897
1902,6.453,7.145,6.452,6.666,10.526,10.52,6.058,6.897
1903,6.248,7.145,6.452,6.666,10.526,11.097,6.061,6.897
1904,6.248,7.141,6.452,6.898,10.535,11.097,6.061,6.667
1905,6.248,7.141,6.665,6.898,10.535,10.544,6.061,6.667
1906,6.451,7.141,6.665,6.898,10.52,10.526,5.884,6.667
1907,6.451,7.147,6.665,6.897,10.52,10.526,5.884,6.667
1908,6.451,7.147,6.448,6.897,10.531,11.111,5.884,6.667
1909,6.453,7.141,6.448,6.897,10.531,11.111,5.714,6.667
1910,6.453,7.141,6.448,6.894,10.524,11.116,5.714,6.897
1911,6.453,7.141,6.67,6.894,10.524,11.116,5.714,6.897
1912,6.25,7.144,6.67,6.894,10.524,11.101,5.714,6.897
1913,6.25,7.144,6.67,7.147,10.524,11.101,6.251,6.896
1914,6.25,7.144,6.67,7.147,10.533,10.531,6.251,6.896
1915,6.25,6.896,6.451,7.147,10.533,10.531,6.251,6.896
1916,6.252,6.896,6.451,6.884,10.524,11.126,6.06,6.896
1917,6.252,6.896,6.451,6.884,10.524,10.505,6.06,6.896
1918,6.252,6.896,6.666,6.884,10.52,10.505,6.06,6.897
1919,6.449,6.896,6.666,6.678,10.535,11.116,6.061,6.897
1920,6.449,6.896,6.666,6.678,10.535,11.116,6.061,6.897
1921,6.449,6.897,6.455,6.678,11.097,11.111,6.061,6.668
1922,6.251,6.897,6.455,6.897,11.097,11.111,6.061,6.668
1923,6.251,6.897,6.455,6.897,10.531,10.524,6.059,6.668
1924,6.251,7.144,6.665,7.143,10.531,10.524,6.059,6.666
1925,6.249,7.144,6.665,7.143,10.531,11.111,6.059,6.666
1926,6.249,7.144,6.665,7.143,10.531,11.111,6.061,6.666
1927,6.249,7.146,6.453,6.666,10.526,11.109,6.061,6.664
1928,6.25,7.146,6.453,6.666,10.526,10.528,6.061,6.664
1929,6.25,7.403,6.453,6.666,10.524,10.528,5.884,6.664
1930,6.25,7.403,6.452,6.897,10.524,11.106,5.884,6.671
1931,6.451,7.403,6.452,6.897,10.526,11.106,5.884,6.671
1932,6.451,7.145,6.452,6.897,10.526,10.528,6.252,6.671
1933,6.451,7.145,6.663,6.896,10.522,10.528,6.252,6.894
1934,6.451,7.145,6.663,6.896,10.522,10.845,6.252,6.894
1935,6.25,7.139,6.663,6.896,10.516,10.845,6.252,6.894
1936,6.25,7.139,6.452,6.897,10.531,10.783,6.056,6.669
1937,6.25,7.139,6.452,6.897,10.531,10.783,6.056,6.669
1938,6.25,6.897,6.452,6.897,10.537,10.882,6.056,6.669
1939,6.25,6.897,6.67,6.897,10.537,10.882,6.062,6.666
1940,6.25,6.897,6.67,6.897,10.524,10.736,6.062,6.666
1941,6.453,7.143,6.67,6.897,10.524,11.073,6.062,6.666
1942,6.453,7.143,6.449,7.141,10.533,11.073,6.062,6.668
1943,6.453,7.145,6.449,7.141,10.533,10.559,6.062,6.668
1944,6.248,7.145,6.449,7.141,10.518,10.559,6.062,6.668
1945,6.248,7.145,6.452,7.144,10.518,10.526,6.062,6.895
1946,6.248,7.14,6.452,7.144,10.533,10.526,6.061,6.895
1947,6.25,7.14,6.452,6.896,10.533,11.111,6.061,6.895
1948,6.25,7.14,6.667,6.896,10.526,11.111,6.061,6.896
1949,6.25,6.897,6.667,6.896,10.526,10.528,5.882,6.896
1950,6.452,6.897,6.667,7.145,10.522,10.528,5.882,6.896
1951,6.452,6.897,6.452,7.145,10.522,11.104,5.882,6.668
1952,6.452,7.148,6.452,7.145,10.531,11.104,6.059,6.668
1953,6.452,7.148,6.452,6.895,10.531,10.533,6.059,6.668
1954,6.251,7.148,6.451,6.895,10.526,11.116,6.059,6.667
1955,6.251,7.139,6.451,6.895,10.522,11.116,6.059,6.667
1956,6.251,7.139,6.451,6.897,10.522,10.526,5.882,6.667
1957,6.25,7.412,6.452,6.897,10.533,10.526,5.882,6.667
1958,6.25,7.412,6.452,6.897,10.533,11.116,5.882,6.667
1959,6.25,7.412,6.452,6.896,10.524,11.116,6.061,6.667
1960,6.251,7.142,6.669,6.896,10.524,10.52,6.061,6.897
1961,6.251,7.142,6.669,6.896,11.104,10.52,6.061,6.897
1962,6.251,7.142,6.669,6.898,11.104,11.116,6.252,6.897
1963,6.249,7.14,6.669,6.898,10.535,11.116,6.252,6.898
1964,6.249,7.14,6.451,6.898,10.535,11.109,6.252,6.898
1965,6.249,7.14,6.451,6.722,10.528,10.531,6.249,6.898
1966,6.44,6.898,6.451,6.722,10.528,10.531,6.249,6.894
1967,6.44,6.898,6.666,6.722,10.528,11.104,6.249,6.894
1968,6.44,6.898,6.666,6.837,10.528,11.104,6.249,6.894
1969,6.44,7.143,6.666,6.837,10.522,11.111,6.064,6.882
1970,6.26,7.143,6.452,6.837,10.522,11.111,6.064,6.882
1971,6.26,7.406,6.452,6.669,10.522,10.533,6.064,6.882
1972,6.26,7.406,6.452,6.669,10.524,10.533,6.055,6.68
1973,6.251,7.406,6.448,6.669,10.524,11.111,6.055,6.68
1974,6.251,7.407,6.448,6.667,10.917,11.111,6.055,6.68
1975,6.251,7.407,6.448,6.667,10.917,10.524,6.25,6.668
1976,6.249,7.407,6.669,6.667,10.705,11.106,6.25,6.668
1977,6.249,7.145,6.669,6.896,10.705,11.106,6.25,6.668
1978,6.249,7.145,6.669,6.896,10.535,10.531,6.25,6.666
1979,6.452,7.145,6.452,6.896,10.535,10.531,6.062,6.666
1980,6.452,7.141,6.452,6.897,10.526,11.106,6.062,6.666
1981,6.452,7.141,6.452,6.897,10.526,11.106,6.062,6.667
1982,6.25,7.394,6.667,6.895,10.52,11.111,5.94,6.667
1983,6.25,7.394,6.667,6.895,10.52,11.111,5.94,6.667
1984,6.25,7.394,6.667,6.895,10.535,10.535,5.94,6.667
1985,6.249,7.155,6.45,6.669,10.535,10.535,5.831,6.667
1986,6.249,7.155,6.45,6.669,10.522,11.104,5.831,6.667
1987,6.249,7.155,6.45,6.669,10.522,11.104,5.831,6.782
1988,6.249,7.146,6.653,6.895,10.524,10.526,5.831,6.782
1989,6.452,7.146,6.653,6.895,10.528,10.531,6.242,6.782
1990,6.452,7.146,6.653,6.895,10.528,10.531,6.242,6.78
1991,6.452,7.141,6.465,6.898,10.526,11.101,6.242,6.78
1992,6.251,7.141,6.465,6.898,10.526,11.101,5.884,6.78
1993,6.251,7.407,6.465,6.898,10.524,10.548,5.884,6.667
1994,6.251,7.407,6.453,7.14,10.524,10.548,5.884,6.667
1995,6.452,7.407,6.453,7.14,10.531,11.087,5.988,6.667
1996,6.452,7.408,6.453,7.14,10.531,11.087,5.988,6.666
1997,6.452,7.408,6.667,6.668,10.576,10.533,5.988,6.666
1998,6.249,7.408,6.667,6.668,10.576,10.533,5.988,6.666
1999,6.249,7.145,6.667,6.668,11.054,11.101,5.953,6.895
2000,6.249,7.145,6.668,6.896,10.531,11.118,5.953,6.895
2001,6.451,7.141,6.668,6.896,10.531,11.118,5.953,6.894
2002,6.451,7.141,6.668,6.896,10.518,10.524,6.092,6.894
