,Utility Input Phase C,Utility Input Phase B,Utility Input Phase A,Gen 2 Phase C,Gen 2 Phase B,Gen 2 Phase A,Gen 3 Phase C,Gen 3 Phase B,Gen 3 Phase A,Gen 1 Phase C,Gen 1 Phase B,Gen 1 Phase A,Mission System 1 DC Amps,Mission System 2  DC Amps,Empty- CRIO1_Slot_1_Channel_14,Empty- CRIO1_Slot_1_Channel_15,Utility Input Phase A ,Utility Input Phase B ,Utility Input Phase C,Gen 3 Phase A ,Gen 3 Phase B ,Gen 3 Phase C,Gen 2 Phase A ,Gen 2 Phase B ,Gen 2 Phase C,MSB1 Phase A,MSB1 Phase B ,MSB1 Phase C ,Utility Input Neutral,Utility Input Ground,Propulsion System 1 VFD  Phase A ,Propulsion System 2 VFD Phase A,Fuel System 2  LP 1,Fuel System 1  LP 1 ,Empty- CRIO1_Slot_3_Channel_2,Empty- CRIO1_Slot_3_Channel_3,Cooling System 1 P 1,Cooling System 2 P 1,Cooling System 1 P 2,Cooling System 2 P 2,Fuel System 2  Injector Pump ,Fuel System 2  Service Pump ,Cooling System 2 Service Pump ,Fuel System 1  Injector Pump ,Fuel System 1  Service Pump ,Cooling System 1 Service Pump ,Cooling System 1 Heater,Cooling System 2 Heater
0,20.51875,20.440625,20.275,0.052499999999999214,0.05812499999999943,0.056250000000000466,7.84875,6.699375000000001,6.749999999999999,7.6706249999999985,8.77875,7.160625,-0.0531249999999997,0.30000000000000027,-0.25,-0.25,205.18125,205.8375,206.02499999999998,208.81875000000002,204.52499999999998,209.85,0.31875000000000653,0.4500000000000004,0.5249999999999921,202.33125,205.03125,204.9,0.06249999999999867,0.03500000000000003,0.45625000000000027,0.5199999999999999,2.6437500000000003,2.398125,-0.25,-0.25,4.836875000000001,4.773125,1.7462499999999999,1.6143750000000001,4.63,2.4075,4.881875,4.72375,2.2825,5.051875,2.276875,2.3031249999999996
1,20.515625,20.437499999999996,20.278125000000003,0.05437499999999984,0.05812499999999943,0.056250000000000466,7.84875,6.699375000000001,6.748125,7.655625000000001,8.77875,7.160625,-0.06250000000000006,0.3031250000000013,-0.25,-0.25,205.29375,205.50000000000003,205.76250000000002,208.38750000000002,203.6625,208.0125,-0.5624999999999963,-0.6750000000000006,-0.7124999999999965,201.45,203.02499999999998,202.85625000000002,0.06249999999999867,0.03500000000000003,0.45625000000000027,0.51875,2.5062499999999996,2.7356250000000006,-0.25,-0.25,4.868125,4.729375,1.7712499999999998,1.5993750000000002,4.6362499999999995,2.406875,4.881875,4.7275,2.28125,5.05375,2.2775,2.301875
2,20.515625,20.434375,20.278125000000003,0.05437499999999984,0.05812499999999943,0.05812499999999943,7.84875,6.699375000000001,6.749999999999999,7.653750000000001,8.780625,7.160625,-0.07500000000000007,0.3031250000000013,-0.25,-0.25,203.5125,204.15,204.2625,207.50625,203.4375,208.70625,-0.6562500000000027,-0.5062500000000025,-0.5250000000000005,201.91875,203.64375,203.92499999999998,0.06249999999999867,0.03500000000000003,0.4568749999999999,0.5193750000000003,2.66625,2.3649999999999998,-0.25,-0.25,4.804374999999999,4.7787500000000005,1.7443750000000002,1.6175000000000002,4.6375,2.406875,4.881875,4.73125,2.280625,5.054375,2.27875,2.30375
3,20.515625,20.434375,20.275,0.05437499999999984,0.05812499999999943,0.056250000000000466,7.84875,6.699375000000001,6.749999999999999,7.653750000000001,8.780625,7.160625,-0.06562499999999971,0.30000000000000027,-0.25,-0.25,205.57500000000002,206.55,206.9625,209.88750000000002,205.95,210.69375,0.9562500000000029,1.050000000000001,1.0312499999999947,204.0375,206.175,205.23749999999998,0.06249999999999867,0.03562500000000024,0.4568749999999999,0.5193750000000003,2.5106249999999997,2.8149999999999995,-0.25,-0.25,4.8475,4.72375,1.751875,1.6025,4.629375,2.40625,4.881875,4.724374999999999,2.281875,5.0512500000000005,2.2775,2.3025
4,20.51875,20.437499999999996,20.271875,0.05437499999999984,0.05812499999999943,0.056250000000000466,7.850624999999999,6.699375000000001,6.749999999999999,7.653750000000001,8.780625,7.160625,-0.06562499999999971,0.30000000000000027,-0.25,-0.25,206.1375,206.08124999999998,206.0625,209.28750000000002,205.29375,210.09375,0.8062500000000028,0.9000000000000008,0.6000000000000005,203.79375,204.99375,205.23749999999998,0.06249999999999867,0.03562500000000024,0.45625000000000027,0.5181249999999998,2.6968749999999995,2.4662499999999996,-0.25,-0.25,4.819375,4.72375,1.7537500000000001,1.6475,4.625,2.4043750000000004,4.885000000000001,4.722499999999999,2.28125,5.0525,2.2775,2.300625
5,20.51875,20.437499999999996,20.26875,0.05437499999999984,0.05812499999999943,0.056250000000000466,7.84875,6.70125,6.749999999999999,7.653750000000001,8.79375,7.160625,-0.06250000000000006,0.3031250000000013,-0.25,-0.25,205.38750000000002,205.93125,206.0625,208.85625,205.36874999999998,210.01875,0.5812499999999943,0.6374999999999964,0.43124999999999414,202.96875,205.275,204.61875,0.06249999999999867,0.03624999999999989,0.45750000000000013,0.5193750000000003,2.4012499999999997,2.8537500000000007,-0.25,-0.25,4.8325,4.73125,1.760625,1.61375,4.623125,2.405625,4.88375,4.722499999999999,2.280625,5.050625,2.27875,2.301875
6,20.490625,20.437499999999996,20.256249999999998,0.052499999999999214,0.05812499999999943,0.056250000000000466,7.84875,6.699375000000001,6.749999999999999,7.653750000000001,8.79375,7.160625,-0.06874999999999937,0.3031250000000013,-0.25,-0.25,205.29375,205.44375000000002,206.175,209.28750000000002,204.84375,209.38125,0.4500000000000004,0.6562500000000027,0.2625000000000044,202.78125,204.65624999999997,204.75,0.06249999999999867,0.03562500000000024,0.4568749999999999,0.5181249999999998,2.930625,2.1662500000000002,-0.25,-0.25,4.824375,4.7524999999999995,1.756875,1.6381250000000003,4.625,2.40375,4.881875,4.7231250000000005,2.28125,5.04875,2.27625,2.3012500000000005
7,20.490625,20.434375,20.253125,0.05437499999999984,0.05812499999999943,0.056250000000000466,7.84875,6.699375000000001,6.748125,7.655625000000001,8.795625000000001,7.160625,-0.0593750000000004,0.3031250000000013,-0.25,-0.25,205.36874999999998,205.5375,205.8,208.78125,204.35625,208.59375,-0.26249999999999607,-0.46874999999999833,-0.7687499999999986,201.41250000000002,202.95,203.15625000000003,0.06249999999999867,0.03562500000000024,0.45625000000000027,0.5175000000000002,2.2975000000000003,3.0181250000000004,-0.25,-0.25,4.839375,4.698124999999999,1.7725000000000002,1.6199999999999997,4.63375,2.4025000000000003,4.885000000000001,4.725625,2.28,5.051875,2.2775,2.2993750000000004
8,20.490625,20.437499999999996,20.25,0.052499999999999214,0.05812499999999943,0.056250000000000466,7.84875,6.70125,6.749999999999999,7.655625000000001,8.795625000000001,7.160625,-0.07187500000000041,0.30000000000000027,-0.25,-0.25,203.5875,203.98125,204.45,207.75,203.70000000000002,208.81875000000002,-0.7874999999999965,-0.43125000000000246,-0.48749999999999627,201.95625,203.83125,203.68124999999998,0.06249999999999867,0.03562500000000024,0.4568749999999999,0.51875,2.9000000000000004,2.598125,-0.25,-0.25,4.78875,4.73625,1.75,1.6075,4.6325,2.40375,4.88375,4.7250000000000005,2.28125,5.04875,2.2775,2.300625
9,20.490625,20.437499999999996,20.25,0.052499999999999214,0.05812499999999943,0.056250000000000466,7.850624999999999,6.70125,6.748125,7.653750000000001,8.795625000000001,7.160625,-0.06250000000000006,0.2906249999999999,-0.25,-0.25,205.21875,206.34375000000003,206.64375,209.60625000000002,205.48125,210.525,0.9749999999999925,0.9374999999999967,0.9374999999999967,204.01875,205.95,205.57500000000002,0.06249999999999867,0.03562500000000024,0.45625000000000027,0.5193750000000003,2.46,2.55625,-0.25,-0.25,4.878749999999999,4.8062499999999995,1.7475,1.6418749999999998,4.631875,2.4025000000000003,4.883125000000001,4.726875000000001,2.28125,5.046875,2.27625,2.300625
10,20.490625,20.437499999999996,20.25,0.05437499999999984,0.05812499999999943,0.056250000000000466,7.84875,6.70125,6.749999999999999,7.653750000000001,8.795625000000001,7.160625,-0.06250000000000006,0.30000000000000027,-0.25,-0.25,206.25,206.55,206.7,209.625,205.20000000000002,210.13125000000002,0.9000000000000008,0.9937499999999988,0.9374999999999967,203.60625,204.61875,204.65624999999997,0.06249999999999867,0.03562500000000024,0.45625000000000027,0.5193750000000003,2.6168749999999994,2.5031250000000007,-0.25,-0.2499375,4.83375,4.722499999999999,1.765,1.6131250000000001,4.635,2.4031249999999997,4.885625,4.7275,2.280625,5.048125,2.2781249999999997,2.301875
11,20.49375,20.437499999999996,20.25,0.052499999999999214,0.05812499999999943,0.056250000000000466,7.84875,6.699375000000001,6.748125,7.653750000000001,8.795625000000001,7.160625,-0.06562499999999971,0.3093750000000006,-0.25,-0.25,205.44375000000002,205.875,205.59375,208.63125000000002,205.275,210.26250000000002,0.6000000000000005,0.39374999999999827,0.46875000000000666,203.11875,205.10625,204.39374999999998,0.06249999999999867,0.03562500000000024,0.45625000000000027,0.5199999999999999,2.6081250000000002,2.6893750000000005,-0.25,-0.25,4.835000000000001,4.7281249999999995,1.7631249999999998,1.6225,4.6375,2.405,4.883125000000001,4.7231250000000005,2.280625,5.043125000000001,2.2781249999999997,2.3025
12,20.49375,20.437499999999996,20.253125,0.05437499999999984,0.05812499999999943,0.056250000000000466,7.84875,6.70125,6.749999999999999,7.653750000000001,8.795625000000001,7.160625,-0.06874999999999937,0.30000000000000027,-0.25,-0.25,204.825,205.40625,206.41875000000002,209.08124999999998,204.91875000000002,209.60625000000002,0.6374999999999964,0.39374999999999827,0.33749999999999614,203.26874999999998,204.78750000000002,204.65624999999997,0.06249999999999867,0.03500000000000003,0.45562500000000006,0.5193750000000003,2.62,2.6037500000000002,-0.25,-0.25,4.85125,4.76375,1.750625,1.63,4.6362499999999995,2.4031249999999997,4.885000000000001,4.721875,2.28,5.045625,2.27625,2.301875
13,20.49375,20.437499999999996,20.228125000000002,0.05437499999999984,0.05812499999999943,0.056250000000000466,7.84875,6.699375000000001,6.749999999999999,7.653750000000001,8.795625000000001,7.160625,-0.0593750000000004,0.2968749999999992,-0.25,-0.25,205.38750000000002,205.78125,205.57500000000002,208.8375,204.65624999999997,209.41875000000002,-0.03749999999999587,-0.30000000000000027,-0.5624999999999963,201.31875,203.00625,203.08124999999998,0.06249999999999867,0.03562500000000024,0.45562500000000006,0.5181249999999998,2.51625,2.73625,-0.25,-0.25,4.84,4.748125,1.7593750000000004,1.6249999999999998,4.631875,2.4043750000000004,4.885000000000001,4.7250000000000005,2.280625,5.048125,2.276875,2.3025
14,20.487499999999997,20.437499999999996,20.224999999999998,0.052499999999999214,0.05812499999999943,0.056250000000000466,7.84875,6.70125,6.748125,7.653750000000001,8.795625000000001,7.160625,-0.06562499999999971,0.3031250000000013,-0.25,-0.25,203.53125,203.86874999999998,204.15,207.75,203.75625000000002,208.49999999999997,-0.6000000000000005,-0.7124999999999965,-0.5437499999999984,201.8625,203.98125,203.28750000000002,0.06875000000000075,0.03562500000000024,0.45499999999999985,0.5181249999999998,2.57625,2.3031249999999996,-0.25,-0.25,4.827500000000001,4.741875,1.7531249999999998,1.6349999999999998,4.62625,2.4043750000000004,4.883125000000001,4.724374999999999,2.28,5.04625,2.27625,2.3025
15,20.490625,20.437499999999996,20.224999999999998,0.05437499999999984,0.05812499999999943,0.056250000000000466,7.84875,6.70125,6.749999999999999,7.653750000000001,8.795625000000001,7.160625,-0.07187500000000041,0.3031250000000013,-0.25,-0.25,204.825,205.8,206.1375,209.3625,205.3125,210.46875,0.9374999999999967,0.9374999999999967,1.012500000000005,204.28125,205.61249999999998,205.76250000000002,0.06249999999999867,0.03562500000000024,0.45562500000000006,0.516875,2.7406249999999996,2.7681250000000004,-0.25,-0.25,4.8618749999999995,4.750625,1.7599999999999998,1.635625,4.6274999999999995,2.4025000000000003,4.886875000000001,4.72375,2.279375,5.05,2.27625,2.3012500000000005
16,20.490625,20.434375,20.224999999999998,0.052499999999999214,0.06000000000000005,0.056250000000000466,7.84875,6.699375000000001,6.755624999999999,7.653750000000001,8.79375,7.160625,-0.06250000000000006,0.30000000000000027,-0.25,-0.25,206.28750000000002,206.64375,206.90625,209.56875,205.65,210.4125,0.9000000000000008,0.9937499999999988,0.9000000000000008,203.04375000000002,205.51875,205.0875,0.06249999999999867,0.03500000000000003,0.45562500000000006,0.516875,2.315,2.91875,-0.25,-0.25,4.864375,4.715625,1.7743750000000003,1.6368749999999999,4.631875,2.40375,4.8862499999999995,4.72375,2.28125,5.0512500000000005,2.276875,2.3025
17,20.49375,20.459375,20.224999999999998,0.052499999999999214,0.05812499999999943,0.056250000000000466,7.84875,6.70125,6.7631250000000005,7.653750000000001,8.79375,7.160625,-0.0593750000000004,0.3062499999999996,-0.25,-0.25,205.875,205.95,205.66875,209.53125,205.40625,210.18750000000003,0.39374999999999827,0.5062500000000025,0.5625000000000047,203.45625,204.78750000000002,204.0375,0.06249999999999867,0.03500000000000003,0.45562500000000006,0.5175000000000002,3.0000000000000004,2.4793749999999997,-0.25,-0.25,4.835000000000001,4.720625,1.7512499999999998,1.5975000000000001,4.6343749999999995,2.4043750000000004,4.882499999999999,4.725625,2.28,5.05,2.276875,2.3025
18,20.490625,20.465625,20.221875,0.05437499999999984,0.05812499999999943,0.056250000000000466,7.84875,6.70125,6.765,7.653750000000001,8.795625000000001,7.160625,-0.07187500000000041,0.2968749999999992,-0.25,-0.25,204.825,205.6875,206.4375,209.025,204.60000000000002,209.45624999999998,0.7874999999999965,0.5249999999999921,0.3562500000000024,202.9875,204.80625,204.76874999999998,0.06249999999999867,0.03437499999999982,0.45562500000000006,0.51875,2.33625,2.6293750000000005,-0.25,-0.25,4.82875,4.705,1.7556250000000002,1.61875,4.6362499999999995,2.4031249999999997,4.8843749999999995,4.726875000000001,2.280625,5.054375,2.279375,2.3
19,20.490625,20.468750000000004,20.224999999999998,0.05437499999999984,0.05812499999999943,0.056250000000000466,7.850624999999999,6.699375000000001,6.765,7.653750000000001,8.79375,7.1625000000000005,-0.06562499999999971,0.3031250000000013,-0.25,-0.25,204.9375,206.10000000000002,206.10000000000002,209.025,204.73125000000002,209.47500000000002,0.43124999999999414,0.01875000000000626,-0.3187499999999982,201.52499999999998,203.175,203.00625,0.06249999999999867,0.03437499999999982,0.45625000000000027,0.5193750000000003,2.8093749999999993,2.6112500000000005,-0.2499375,-0.25,4.82,4.76375,1.756875,1.6125,4.6362499999999995,2.4043750000000004,4.885625,4.72375,2.281875,5.05375,2.27875,2.3025
20,20.490625,20.4625,20.224999999999998,0.05437499999999984,0.06000000000000005,0.056250000000000466,7.850624999999999,6.70125,6.765,7.653750000000001,8.795625000000001,7.160625,-0.0593750000000004,0.2968749999999992,-0.25,-0.25,203.3625,203.86874999999998,204.05624999999998,207.58124999999998,203.70000000000002,208.275,-0.6750000000000006,-0.5437499999999984,-0.5062500000000025,201.65625000000003,203.71875,203.60625,0.06249999999999867,0.03437499999999982,0.45562500000000006,0.5181249999999998,2.50375,2.7456250000000004,-0.25,-0.25,4.84,4.750625,1.7525000000000002,1.645625,4.639375,2.40375,4.88375,4.721875,2.279375,5.0525,2.276875,2.3012500000000005
21,20.490625,20.459375,20.224999999999998,0.05437499999999984,0.05812499999999943,0.056250000000000466,7.84875,6.70125,6.7631250000000005,7.653750000000001,8.795625000000001,7.160625,-0.06874999999999937,0.2968749999999992,-0.25,-0.25,204.0375,205.1625,205.66875,209.025,205.03125,210.31875000000002,0.8249999999999924,0.8812499999999945,0.9562500000000029,204.3,205.38750000000002,205.8375,0.06249999999999867,0.03437499999999982,0.45625000000000027,0.5181249999999998,2.7018750000000002,2.5843749999999996,-0.2499375,-0.25,4.83625,4.704375,1.7493750000000001,1.6231250000000004,4.644374999999999,2.405,4.8862499999999995,4.7250000000000005,2.280625,5.05375,2.27875,2.2993750000000004
22,20.490625,20.4625,20.224999999999998,0.05437499999999984,0.05812499999999943,0.056250000000000466,7.84875,6.70125,6.765,7.653750000000001,8.79375,7.160625,-0.06874999999999937,0.3031250000000013,-0.25,-0.25,205.93125,207.01875,207.09375,209.88750000000002,205.9875,210.61875,0.9937499999999988,0.9562500000000029,0.8062500000000028,203.00625,205.5375,205.25625,0.06249999999999867,0.03375000000000017,0.4568749999999999,0.5181249999999998,2.4243749999999995,2.6037500000000002,-0.25,-0.25,4.845000000000001,4.666875,1.7693750000000001,1.6237499999999998,4.639375,2.40625,4.885000000000001,4.722499999999999,2.2825,5.0512500000000005,2.276875,2.300625
23,20.490625,20.4625,20.221875,0.05437499999999984,0.05812499999999943,0.056250000000000466,7.84875,6.699375000000001,6.765,7.653750000000001,8.795625000000001,7.160625,-0.0593750000000004,0.30000000000000027,-0.25,-0.25,205.78125,205.51875,206.04375000000002,209.49375,205.3125,209.79375,0.43124999999999414,0.5625000000000047,0.7500000000000007,203.5125,204.73125000000002,204.1875,0.06249999999999867,0.03375000000000017,0.45625000000000027,0.5181249999999998,2.7525,2.558125,-0.25,-0.25,4.809375,4.7375,1.7449999999999999,1.6193750000000002,4.630625,2.4043750000000004,4.885000000000001,4.721875,2.28,5.0531250000000005,2.275625,2.2981249999999998
24,20.490625,20.4625,20.2125,0.052499999999999214,0.05812499999999943,0.056250000000000466,7.84875,6.699375000000001,6.765,7.653750000000001,8.795625000000001,7.1625000000000005,-0.06874999999999937,0.3031250000000013,-0.25,-0.25,204.975,206.19375,205.8375,208.55624999999998,204.71249999999998,209.5875,0.6562500000000027,0.5062500000000025,0.2625000000000044,202.96875,204.91875000000002,204.65624999999997,0.06249999999999867,0.03375000000000017,0.4568749999999999,0.5181249999999998,2.515625,3.1293749999999996,-0.25,-0.25,4.838125,4.731875,1.751875,1.61875,4.6274999999999995,2.4043750000000004,4.886875000000001,4.726875000000001,2.281875,5.05375,2.2775,2.2981249999999998
25,20.49375,20.4625,20.203125,0.052499999999999214,0.05812499999999943,0.056250000000000466,7.850624999999999,6.70125,6.765,7.653750000000001,8.795625000000001,7.1625000000000005,-0.07187500000000041,0.3031250000000013,-0.25,-0.25,205.59375,205.40625,206.38125,209.1375,204.5625,209.83125,0.4500000000000004,0.6562500000000027,0.15000000000000013,202.125,204.01875,202.63125,0.06249999999999867,0.03375000000000017,0.45750000000000013,0.5175000000000002,2.515625,2.3262500000000004,-0.25,-0.25,4.860625,4.726875000000001,1.7525000000000002,1.61375,4.62625,2.40625,4.8843749999999995,4.7275,2.280625,5.0512500000000005,2.2775,2.29875
26,20.49375,20.4625,20.203125,0.052499999999999214,0.05812499999999943,0.056250000000000466,7.850624999999999,6.699375000000001,6.765,7.653750000000001,8.79375,7.160625,-0.056249999999999356,0.30000000000000027,-0.25,-0.25,203.4375,204.07500000000002,204.24375,207.4125,203.00625,208.21875,-0.6187499999999985,-0.6562500000000027,-0.6000000000000005,201.80625,203.475,203.75625000000002,0.06249999999999867,0.03375000000000017,0.4568749999999999,0.516875,2.8425000000000002,2.7125,-0.25,-0.25,4.82875,4.750625,1.74875,1.6443750000000001,4.6325,2.4043750000000004,4.8862499999999995,4.725625,2.28,5.0525,2.2775,2.2981249999999998
27,20.490625,20.4625,20.200000000000003,0.05437499999999984,0.05812499999999943,0.056250000000000466,7.850624999999999,6.699375000000001,6.765,7.661250000000001,8.795625000000001,7.160625,-0.056249999999999356,0.30000000000000027,-0.25,-0.25,204.2625,204.73125000000002,205.10625,208.70625,204.91875000000002,210.0,0.5625000000000047,0.7125000000000048,0.8437499999999987,203.5875,205.8375,205.25625,0.06249999999999867,0.03375000000000017,0.4568749999999999,0.516875,2.3412500000000005,2.514375,-0.25,-0.25,4.843125000000001,4.7524999999999995,1.7575000000000003,1.6475,4.6375,2.405,4.89,4.7231250000000005,2.28125,5.051875,2.2775,2.296875
28,20.490625,20.48125,20.196875,0.05437499999999984,0.05812499999999943,0.056250000000000466,7.84875,6.70125,6.749999999999999,7.6706249999999985,8.795625000000001,7.160625,-0.06562499999999971,0.30000000000000027,-0.25,-0.25,206.08124999999998,206.94375000000002,207.07500000000002,209.7,205.93125,210.525,1.106250000000003,1.1625000000000052,0.8062500000000028,203.60625,205.21875,205.25625,0.06249999999999867,0.03375000000000017,0.45750000000000013,0.5181249999999998,2.8225,2.91125,-0.25,-0.25,4.8568750000000005,4.739375,1.768125,1.6243750000000001,4.633125,2.40625,4.8862499999999995,4.72,2.28125,5.048125,2.275625,2.29875
29,20.490625,20.487499999999997,20.196875,0.05437499999999984,0.05812499999999943,0.056250000000000466,7.84875,6.70125,6.749999999999999,7.6706249999999985,8.79375,7.160625,-0.0531249999999997,0.30000000000000027,-0.25,-0.25,205.85625,205.57500000000002,206.38125,209.56875,205.10625,209.49375,0.5249999999999921,0.5249999999999921,0.5625000000000047,203.21249999999998,204.675,204.45,0.06249999999999867,0.03375000000000017,0.45750000000000013,0.5175000000000002,2.41,2.446875,-0.25,-0.2500625,4.8575,4.745,1.7675,1.615625,4.6325,2.40375,4.885625,4.724374999999999,2.28,5.05,2.27625,2.29625
30,20.490625,20.487499999999997,20.200000000000003,0.052499999999999214,0.05812499999999943,0.056250000000000466,7.850624999999999,6.699375000000001,6.749999999999999,7.668749999999999,8.795625000000001,7.160625,-0.06874999999999937,0.3031250000000013,-0.25,-0.25,205.33125,206.02499999999998,205.48125,208.49999999999997,204.76874999999998,209.98125,0.5249999999999921,0.48749999999999627,0.43124999999999414,203.04375000000002,204.76874999999998,204.13125000000002,0.06249999999999867,0.03312499999999996,0.45750000000000013,0.5175000000000002,2.78875,2.8837500000000005,-0.25,-0.25,4.8175,4.774374999999999,1.7493750000000001,1.6443750000000001,4.6375,2.4043750000000004,4.885625,4.72375,2.281875,5.049375,2.27625,2.2975000000000003
31,20.49375,20.490625,20.200000000000003,0.052499999999999214,0.05812499999999943,0.056250000000000466,7.846875000000001,6.70125,6.749999999999999,7.668749999999999,8.782499999999999,7.160625,-0.06562499999999971,0.30000000000000027,-0.25,-0.25,204.91875000000002,205.40625,206.175,209.1,204.91875000000002,209.39999999999998,0.46875000000000666,0.6000000000000005,0.374999999999992,202.63125,204.11249999999998,203.325,0.06249999999999867,0.03312499999999996,0.4581249999999998,0.5175000000000002,2.411875,2.3312500000000003,-0.25,-0.25,4.8375,4.786875,1.7593750000000004,1.63375,4.63875,2.40375,4.885000000000001,4.7231250000000005,2.28125,5.049375,2.274375,2.29875
32,20.490625,20.490625,20.200000000000003,0.05437499999999984,0.05812499999999943,0.056250000000000466,7.84875,6.70125,6.749999999999999,7.668749999999999,8.77875,7.160625,-0.06562499999999971,0.29375000000000095,-0.25,-0.25,203.475,204.0375,204.225,207.13125000000002,202.6875,207.97500000000002,-0.6937499999999985,-0.6937499999999985,-0.6937499999999985,201.50625,203.10000000000002,203.68124999999998,0.06249999999999867,0.03375000000000017,0.4581249999999998,0.5162499999999998,2.8581250000000002,3.2718749999999996,-0.25,-0.25,4.888125,4.8,1.76375,1.6081250000000002,4.6375,2.4043750000000004,4.888125,4.7281249999999995,2.28,5.04875,2.276875,2.2981249999999998
33,20.487499999999997,20.490625,20.196875,0.05437499999999984,0.06000000000000005,0.056250000000000466,7.84875,6.699375000000001,6.749999999999999,7.6706249999999985,8.77875,7.160625,-0.06874999999999937,0.30000000000000027,-0.25,-0.25,204.31875,204.54375000000002,204.95624999999998,208.3125,204.675,209.5875,0.374999999999992,0.5625000000000047,0.6562500000000027,203.49375,205.85625,205.50000000000003,0.06249999999999867,0.03312499999999996,0.45750000000000013,0.516875,2.385625,2.255625,-0.25,-0.2499375,4.875625,4.750625,1.7631249999999998,1.65875,4.63125,2.405625,4.8862499999999995,4.725625,2.28125,5.045625,2.2775,2.2993750000000004
34,20.490625,20.490625,20.196875,0.05437499999999984,0.05812499999999943,0.056250000000000466,7.84875,6.699375000000001,6.749999999999999,7.668749999999999,8.780625,7.160625,-0.06562499999999971,0.3031250000000013,-0.25,-0.25,206.19375,206.79375,206.64375,210.31875000000002,205.38750000000002,210.80625,1.106250000000003,1.012500000000005,0.9000000000000008,204.01875,205.23749999999998,205.10625,0.06249999999999867,0.03312499999999996,0.4568749999999999,0.516875,2.7337500000000006,2.8231249999999997,-0.25,-0.2499375,4.843125000000001,4.77,1.768125,1.6049999999999998,4.624375,2.405625,4.8843749999999995,4.72125,2.279375,5.05,2.276875,2.2975000000000003
35,20.490625,20.487499999999997,20.196875,0.05437499999999984,0.05812499999999943,0.056250000000000466,7.84875,6.699375000000001,6.749999999999999,7.6706249999999985,8.780625,7.160625,-0.06250000000000006,0.30000000000000027,-0.25,-0.25,205.875,206.25,206.15624999999997,209.04375,205.23749999999998,209.98125,0.8062500000000028,0.6187500000000068,0.6937499999999985,203.23125000000002,204.71249999999998,204.99375,0.06249999999999867,0.03312499999999996,0.45625000000000027,0.516875,2.5862499999999997,2.3831249999999997,-0.25,-0.25,4.8687499999999995,4.7281249999999995,1.7625000000000002,1.6237499999999998,4.626875,2.4031249999999997,4.88875,4.72125,2.280625,5.0512500000000005,2.276875,2.2956250000000002
36,20.137500000000003,20.487499999999997,20.196875,0.052499999999999214,0.06000000000000005,0.056250000000000466,7.84875,6.699375000000001,6.749999999999999,7.668749999999999,8.780625,7.1625000000000005,-0.0531249999999997,0.3093750000000006,-0.25,-0.25,205.23749999999998,205.65,205.42499999999998,209.11875,204.91875000000002,210.35625,0.2625000000000044,0.374999999999992,0.6562500000000027,203.23125000000002,204.825,203.98125,0.06249999999999867,0.03312499999999996,0.45625000000000027,0.516875,2.5331250000000005,3.0168749999999998,-0.25,-0.25,4.8706249999999995,4.695625,1.7693750000000001,1.5981250000000002,4.63125,2.4043750000000004,4.8862499999999995,4.720625,2.28125,5.046875,2.275625,2.296875
37,20.103125,20.490625,20.196875,0.05437499999999984,0.05812499999999943,0.056250000000000466,7.84875,6.70125,6.748125,7.6706249999999985,8.77875,7.160625,-0.06874999999999937,0.3031250000000013,-0.25,-0.25,204.73125000000002,205.275,206.15624999999997,208.68750000000003,205.14375,209.7375,0.39374999999999827,0.39374999999999827,0.20625000000000226,203.04375000000002,204.91875000000002,204.24375,0.06249999999999867,0.03375000000000017,0.45562500000000006,0.5175000000000002,2.748125,2.30875,-0.25,-0.25,4.83375,4.77375,1.7618749999999999,1.6262500000000002,4.63375,2.4025000000000003,4.883125000000001,4.72375,2.28,5.050625,2.275625,2.2956250000000002
38,20.103125,20.49375,20.196875,0.05437499999999984,0.05812499999999943,0.056250000000000466,7.84875,6.70125,6.749999999999999,7.668749999999999,8.77875,7.1625000000000005,-0.06562499999999971,0.30000000000000027,-0.25,-0.25,203.81249999999997,204.225,204.225,207.01875,202.89374999999998,208.03125,-0.7687499999999986,-0.7312500000000027,-0.7500000000000007,201.65625000000003,203.34375,203.28750000000002,0.06249999999999867,0.03375000000000017,0.45625000000000027,0.5181249999999998,2.425625,3.0943750000000003,-0.25,-0.25,4.881875,4.711875,1.765,1.615625,4.635,2.4025000000000003,4.885000000000001,4.7231250000000005,2.28125,5.0525,2.27625,2.295
39,20.103125,20.487499999999997,20.200000000000003,0.05437499999999984,0.05812499999999943,0.056250000000000466,7.84875,6.699375000000001,6.749999999999999,7.668749999999999,8.77875,7.160625,-0.06562499999999971,0.30000000000000027,-0.25,-0.25,204.1875,204.78750000000002,204.8625,208.06875,204.375,209.175,0.15000000000000013,0.33749999999999614,0.41250000000000453,203.45625,205.42499999999998,205.25625,0.06249999999999867,0.03437499999999982,0.4568749999999999,0.5181249999999998,2.7356250000000006,2.1675,-0.25,-0.25,4.838125,4.729375,1.7562499999999996,1.6362500000000002,4.6343749999999995,2.405,4.8843749999999995,4.7231250000000005,2.281875,5.050625,2.27625,2.296875
40,20.125,20.459375,20.200000000000003,0.052499999999999214,0.05812499999999943,0.056250000000000466,7.84875,6.699375000000001,6.748125,7.6706249999999985,8.780625,7.160625,-0.06562499999999971,0.2968749999999992,-0.25,-0.25,206.11875,206.625,206.79375,210.15,205.66875,210.4875,1.012500000000005,1.0312499999999947,0.7312499999999944,203.92499999999998,204.76874999999998,205.18125,0.06249999999999867,0.03375000000000017,0.45625000000000027,0.5181249999999998,2.399375,3.3268750000000002,-0.25,-0.25,4.83375,4.722499999999999,1.7531249999999998,1.6375000000000002,4.6362499999999995,2.40375,4.881875,4.7275,2.280625,5.055,2.2775,2.29625
41,20.128125,20.4625,20.196875,0.05437499999999984,0.06000000000000005,0.05437499999999984,7.850624999999999,6.699375000000001,6.749999999999999,7.6706249999999985,8.780625,7.1625000000000005,-0.06250000000000006,0.2968749999999992,-0.25,-0.25,205.33125,206.25,206.4375,209.38125,204.6375,209.8125,0.6749999999999923,0.6749999999999923,0.7874999999999965,202.63125,204.84375,204.65624999999997,0.06249999999999867,0.03375000000000017,0.4568749999999999,0.5193750000000003,2.83375,2.2531250000000003,-0.25,-0.25,4.823125,4.806875000000001,1.750625,1.6343750000000001,4.638125,2.40375,4.882499999999999,4.7250000000000005,2.28125,5.05625,2.27875,2.296875
42,20.128125,20.4625,20.196875,0.05437499999999984,0.05812499999999943,0.05437499999999984,7.84875,6.70125,6.748125,7.6706249999999985,8.780625,7.160625,-0.06562499999999971,0.30000000000000027,-0.25,-0.25,205.59375,205.36874999999998,205.59375,208.9125,205.125,209.625,0.374999999999992,0.41250000000000453,0.5812499999999943,202.78125,204.95624999999998,204.28125,0.06249999999999867,0.03437499999999982,0.45625000000000027,0.5199999999999999,2.3449999999999998,2.81625,-0.25,-0.25,4.829375000000001,4.741875,1.7575000000000003,1.629375,4.6325,2.4043750000000004,4.88,4.72,2.28125,5.0531250000000005,2.2775,2.296875
43,20.128125,20.465625,20.196875,0.05437499999999984,0.05812499999999943,0.05812499999999943,7.850624999999999,6.699375000000001,6.7631250000000005,7.668749999999999,8.780625,7.160625,-0.06874999999999937,0.2968749999999992,-0.25,-0.25,204.9,205.48125,205.8375,208.42499999999998,204.675,209.025,0.5625000000000047,0.20625000000000226,0.5625000000000047,203.08124999999998,204.88125,204.88125,0.06249999999999867,0.03375000000000017,0.45562500000000006,0.5193750000000003,2.8649999999999998,2.2981249999999998,-0.25,-0.25,4.798125,4.743125,1.7556250000000002,1.6243750000000001,4.6274999999999995,2.4031249999999997,4.88375,4.721875,2.281875,5.055,2.27875,2.2956250000000002
44,20.128125,20.465625,20.203125,0.05437499999999984,0.05812499999999943,0.056250000000000466,7.84875,6.699375000000001,6.765,7.668749999999999,8.77875,7.160625,-0.07187500000000041,0.29375000000000095,-0.25,-0.25,203.70000000000002,204.0375,204.43125,206.98125,203.02499999999998,207.89999999999998,-0.7687499999999986,-0.7687499999999986,-0.8062500000000028,201.20625,203.6625,203.1375,0.06249999999999867,0.03437499999999982,0.45625000000000027,0.51875,2.4281249999999996,3.070625,-0.25,-0.25,4.839375,4.71625,1.7531249999999998,1.6449999999999998,4.62625,2.4043750000000004,4.886875000000001,4.722499999999999,2.28125,5.050625,2.2781249999999997,2.2981249999999998
45,20.128125,20.4625,20.203125,0.05437499999999984,0.05812499999999943,0.056250000000000466,7.84875,6.70125,6.765,7.6706249999999985,8.77875,7.160625,-0.0593750000000004,0.2968749999999992,-0.25,-0.25,204.0375,204.88125,204.9,207.75,204.1875,209.1,-0.1312500000000022,0.03749999999999587,0.093749999999998,203.4375,205.10625,205.125,0.06249999999999867,0.03437499999999982,0.4568749999999999,0.51875,2.7068749999999997,2.1418749999999998,-0.25,-0.25,4.8475,4.686249999999999,1.748125,1.6462500000000002,4.62625,2.4043750000000004,4.883125000000001,4.72375,2.279375,5.050625,2.2781249999999997,2.2975000000000003
46,20.128125,20.4625,20.200000000000003,0.052499999999999214,0.05812499999999943,0.056250000000000466,7.84875,6.699375000000001,6.765,7.6706249999999985,8.780625,7.160625,-0.06250000000000006,0.30000000000000027,-0.25,-0.25,206.10000000000002,206.30625,206.68125,209.86875,205.93125,210.31875000000002,1.106250000000003,1.0312499999999947,0.9562500000000029,204.0375,205.4625,205.59375,0.06249999999999867,0.03500000000000003,0.4568749999999999,0.5175000000000002,2.5268749999999995,3.1281250000000007,-0.25,-0.25,4.78875,4.77,1.7537500000000001,1.59375,4.6325,2.4031249999999997,4.886875000000001,4.7250000000000005,2.281875,5.0525,2.2781249999999997,2.29625
47,20.146874999999998,20.465625,20.196875,0.052499999999999214,0.05812499999999943,0.05437499999999984,7.84875,6.70125,6.765,7.6706249999999985,8.77875,7.160625,-0.07187500000000041,0.30000000000000027,-0.25,-0.25,205.50000000000003,206.26874999999998,206.53125,209.41875000000002,204.9,210.07500000000002,0.9187500000000071,1.012500000000005,0.7500000000000007,203.19375,205.23749999999998,204.88125,0.06249999999999867,0.03500000000000003,0.45625000000000027,0.5175000000000002,2.5975,2.08125,-0.25,-0.25,4.84375,4.7631250000000005,1.7537500000000001,1.611875,4.63375,2.4043750000000004,4.886875000000001,4.725625,2.280625,5.049375,2.276875,2.2981249999999998
48,20.153125,20.4625,20.200000000000003,0.05437499999999984,0.05812499999999943,0.05437499999999984,7.850624999999999,6.699375000000001,6.766875,7.6706249999999985,8.780625,7.160625,-0.056249999999999356,0.2968749999999992,-0.25,-0.25,205.6875,205.85625,205.74375,209.21249999999998,205.51875,209.23125000000002,0.43124999999999414,0.6374999999999964,0.281249999999994,203.19375,204.52499999999998,204.73125000000002,0.06249999999999867,0.03500000000000003,0.45625000000000027,0.5199999999999999,2.6137500000000005,3.3062499999999995,-0.25,-0.25,4.869375,4.785,1.7725000000000002,1.6756250000000001,4.631875,2.40375,4.885000000000001,4.726875000000001,2.28,5.050625,2.2775,2.2981249999999998
49,20.153125,20.4625,20.200000000000003,0.05437499999999984,0.05812499999999943,0.05437499999999984,7.84875,6.70125,6.765,7.668749999999999,8.77875,7.160625,-0.06874999999999937,0.30000000000000027,-0.25,-0.25,204.9375,205.6875,205.1625,208.57500000000002,204.52499999999998,209.49375,0.1687500000000064,0.281249999999994,0.3562500000000024,203.08124999999998,204.95624999999998,204.35625,0.06249999999999867,0.03562500000000024,0.4568749999999999,0.51875,2.511875,2.3393750000000004,-0.25,-0.25,4.8125,4.798125,1.7537500000000001,1.63125,4.6362499999999995,2.4025000000000003,4.8875,4.726249999999999,2.281875,5.051875,2.279375,2.2975000000000003
50,20.156249999999996,20.4625,20.200000000000003,0.05437499999999984,0.05812499999999943,0.056250000000000466,7.84875,6.699375000000001,6.765,7.668749999999999,8.77875,7.160625,-0.07500000000000007,0.2906249999999999,-0.25,-0.25,203.70000000000002,203.92499999999998,204.65624999999997,206.94375000000002,203.25,208.10625000000002,-0.9187499999999987,-0.8624999999999966,-0.7874999999999965,201.43125,203.475,203.02499999999998,0.06249999999999867,0.03562500000000024,0.4568749999999999,0.5181249999999998,2.7831249999999996,2.7925,-0.25,-0.25,4.8375,4.79375,1.750625,1.6343750000000001,4.640625,2.4043750000000004,4.886875000000001,4.72125,2.280625,5.050625,2.2775,2.2993750000000004
51,20.178125,20.487499999999997,20.200000000000003,0.05437499999999984,0.05812499999999943,0.056250000000000466,7.84875,6.70125,6.765,7.6706249999999985,8.77875,7.160625,-0.0593750000000004,0.29375000000000095,-0.25,-0.25,204.20625,204.9375,204.88125,207.97500000000002,203.85,208.89375,-0.28125000000000233,-0.24374999999999813,-0.11249999999999594,203.21249999999998,204.95624999999998,204.825,0.06249999999999867,0.03562500000000024,0.4568749999999999,0.5193750000000003,2.375,2.173125,-0.25,-0.25,4.893125,4.7281249999999995,1.760625,1.6443750000000001,4.639375,2.4043750000000004,4.886875000000001,4.7250000000000005,2.28,5.050625,2.2775,2.2993750000000004
52,20.178125,20.490625,20.196875,0.052499999999999214,0.05812499999999943,0.056250000000000466,7.84875,6.699375000000001,6.765,7.6706249999999985,8.780625,7.160625,-0.07187500000000041,0.3093750000000006,-0.25,-0.25,206.1375,206.47500000000002,206.86874999999998,209.85,205.65,210.50625,0.8437499999999987,1.1625000000000052,1.1249999999999927,204.07500000000002,205.48125,205.51875,0.06249999999999867,0.03500000000000003,0.4568749999999999,0.5193750000000003,2.8925,3.070625,-0.25,-0.25,4.836875000000001,4.756875000000001,1.7531249999999998,1.611875,4.635,2.40375,4.886875000000001,4.725625,2.2825,5.04875,2.2775,2.29875
53,20.178125,20.490625,20.196875,0.052499999999999214,0.05812499999999943,0.056250000000000466,7.84875,6.70125,6.765,7.668749999999999,8.780625,7.1625000000000005,-0.07812499999999972,0.3031250000000013,-0.25,-0.25,205.38750000000002,206.28750000000002,206.56875,209.19375,205.03125,210.375,0.7500000000000007,0.8062500000000028,0.8062500000000028,203.26874999999998,205.70625,204.69375,0.06249999999999867,0.03562500000000024,0.45562500000000006,0.5193750000000003,2.34,2.1050000000000004,-0.25,-0.25,4.844374999999999,4.7875,1.7706250000000001,1.629375,4.625624999999999,2.405,4.883125000000001,4.7231250000000005,2.280625,5.04875,2.275625,2.3
54,20.181250000000002,20.487499999999997,20.200000000000003,0.052499999999999214,0.05812499999999943,0.056250000000000466,7.850624999999999,6.699375000000001,6.765,7.668749999999999,8.780625,7.160625,-0.06562499999999971,0.30000000000000027,-0.25,-0.25,205.10625,205.65,206.28750000000002,208.875,205.21875,209.3625,0.46875000000000666,0.48749999999999627,0.7125000000000048,203.175,204.43125,204.91875000000002,0.06249999999999867,0.03562500000000024,0.45625000000000027,0.51875,2.7993749999999995,3.0374999999999996,-0.2500625,-0.25,4.81625,4.776249999999999,1.75875,1.6012500000000003,4.623125,2.4031249999999997,4.88375,4.725625,2.281875,5.050625,2.27625,2.2993750000000004
55,20.181250000000002,20.484375,20.174999999999997,0.052499999999999214,0.05812499999999943,0.056250000000000466,7.84875,6.70125,6.766875,7.668749999999999,8.77875,7.160625,-0.06562499999999971,0.3093750000000006,-0.25,-0.25,205.50000000000003,205.61249999999998,205.74375,208.51875,204.71249999999998,209.75625,0.39374999999999827,0.41250000000000453,0.33749999999999614,202.8375,204.78750000000002,203.9625,0.06249999999999867,0.03500000000000003,0.4568749999999999,0.5181249999999998,2.4518750000000002,2.09875,-0.25,-0.2500625,4.838125,4.795,1.7562499999999996,1.6143750000000001,4.630625,2.4031249999999997,4.886875000000001,4.7275,2.2831249999999996,5.050625,2.27625,2.2993750000000004
56,20.181250000000002,20.490625,20.171875,0.05437499999999984,0.05812499999999943,0.056250000000000466,7.84875,6.699375000000001,6.765,7.6706249999999985,8.77875,7.160625,-0.07187500000000041,0.2906249999999999,-0.25,-0.25,204.225,204.45,204.60000000000002,207.39375,203.45625,208.275,-0.8624999999999966,-0.8437499999999987,-0.8437499999999987,201.54375000000002,203.0625,202.8,0.06249999999999867,0.03562500000000024,0.45562500000000006,0.5181249999999998,2.7875000000000005,3.2281249999999995,-0.25,-0.25,4.859999999999999,4.77125,1.7531249999999998,1.6225,4.6343749999999995,2.40375,4.882499999999999,4.726875000000001,2.28125,5.051875,2.275625,2.3012500000000005
57,20.181250000000002,20.49375,20.171875,0.05437499999999984,0.05812499999999943,0.056250000000000466,7.84875,6.699375000000001,6.7631250000000005,7.6706249999999985,8.77875,7.160625,-0.0593750000000004,0.29375000000000095,-0.25,-0.25,204.15,205.03125,204.91875000000002,208.05,203.75625000000002,208.66875,-0.46874999999999833,-0.30000000000000027,-0.3562500000000024,202.51875,204.52499999999998,204.88125,0.06249999999999867,0.03500000000000003,0.4568749999999999,0.5193750000000003,2.396875,2.4012499999999997,-0.25,-0.25,4.839375,4.708125,1.7593750000000004,1.6193750000000002,4.635625,2.4025000000000003,4.8812500000000005,4.726249999999999,2.28125,5.055,2.2775,2.3
58,20.178125,20.496875,20.171875,0.05437499999999984,0.05812499999999943,0.056250000000000466,7.84875,6.70125,6.7631250000000005,7.6706249999999985,8.77875,7.160625,-0.0593750000000004,0.3062499999999996,-0.25,-0.25,206.0625,206.5875,206.90625,209.49375,205.81875,210.825,1.050000000000001,1.143749999999999,1.0312499999999947,203.775,205.95,205.14375,0.06249999999999867,0.03562500000000024,0.45625000000000027,0.5193750000000003,2.6687499999999997,2.7737500000000006,-0.25,-0.25,4.855625,4.746875,1.7412499999999997,1.630625,4.635,2.4031249999999997,4.88375,4.72,2.2825,5.0531250000000005,2.276875,2.3012500000000005
59,20.178125,20.509375000000002,20.174999999999997,0.052499999999999214,0.05812499999999943,0.056250000000000466,7.84875,6.70125,6.765,7.668749999999999,8.77875,7.160625,-0.06250000000000006,0.3031250000000013,-0.25,-0.25,205.81875,206.68125,206.5875,209.47500000000002,205.23749999999998,209.86875,0.8625000000000049,0.5625000000000047,0.4500000000000004,203.53125,204.9,204.9,0.06249999999999867,0.03562500000000024,0.45499999999999985,0.5193750000000003,2.5843749999999996,2.1375,-0.25,-0.25,4.883125000000001,4.79375,1.76375,1.6325,4.6343749999999995,2.40375,4.882499999999999,4.721875,2.28,5.054375,2.27625,2.3012500000000005
60,20.181250000000002,20.5125,20.174999999999997,0.05437499999999984,0.05812499999999943,0.056250000000000466,7.84875,6.70125,6.765,7.6706249999999985,8.77875,7.160625,-0.06250000000000006,0.2968749999999992,-0.25,-0.25,205.4625,205.89375,206.60625,209.21249999999998,204.73125000000002,209.30625,0.374999999999992,0.6562500000000027,0.5249999999999921,203.00625,204.65624999999997,204.35625,0.06249999999999867,0.03562500000000024,0.45625000000000027,0.5193750000000003,2.47625,3.0562500000000004,-0.25,-0.25,4.855625,4.764374999999999,1.7599999999999998,1.6181250000000003,4.64,2.4031249999999997,4.8843749999999995,4.72375,2.280625,5.055,2.27625,2.300625
61,20.181250000000002,20.515625,20.171875,0.05437499999999984,0.05812499999999943,0.056250000000000466,7.84875,6.699375000000001,6.765,7.668749999999999,8.784375,7.1587499999999995,-0.0593750000000004,0.29375000000000095,-0.25,-0.25,205.50000000000003,205.06875,205.50000000000003,208.96875,205.03125,209.6625,0.6187500000000068,0.3562500000000024,0.374999999999992,202.81875,204.825,203.88750000000002,0.06249999999999867,0.03562500000000024,0.4568749999999999,0.5206250000000001,2.7856250000000005,2.1793750000000003,-0.25,-0.25,4.825,4.733125,1.750625,1.6268749999999998,4.64125,2.4043750000000004,4.885000000000001,4.721875,2.281875,5.0531250000000005,2.276875,2.3025
62,20.193749999999998,20.515625,20.171875,0.05437499999999984,0.05812499999999943,0.056250000000000466,7.84875,6.699375000000001,6.765,7.6706249999999985,8.79375,7.160625,-0.06874999999999937,0.2968749999999992,-0.25,-0.25,204.78750000000002,204.88125,204.73125000000002,207.31875,203.175,208.38750000000002,-0.7312500000000027,-0.7687499999999986,-0.9000000000000008,201.4875,202.875,202.89374999999998,0.06249999999999867,0.03500000000000003,0.45625000000000027,0.521875,2.4325,2.9362500000000002,-0.25,-0.25,4.8968750000000005,4.709375,1.7693750000000001,1.65125,4.63375,2.4043750000000004,4.883125000000001,4.726875000000001,2.28125,5.056875,2.276875,2.3025
63,20.206249999999997,20.515625,20.174999999999997,0.05437499999999984,0.05812499999999943,0.056250000000000466,7.850624999999999,6.699375000000001,6.765,7.668749999999999,8.795625000000001,7.1625000000000005,-0.06874999999999937,0.29375000000000095,-0.25,-0.25,204.00000000000003,204.50625,205.06875,207.73125000000002,203.75625000000002,208.63125000000002,-0.5812500000000026,-0.37500000000000033,-0.6562500000000027,202.29375,204.11249999999998,204.24375,0.06249999999999867,0.03437499999999982,0.45625000000000027,0.5206250000000001,2.756875,2.17625,-0.25,-0.25,4.841875,4.795625,1.765625,1.6625,4.629375,2.40375,4.885625,4.7299999999999995,2.2825,5.05625,2.2781249999999997,2.3
64,20.206249999999997,20.5125,20.174999999999997,0.052499999999999214,0.05812499999999943,0.056250000000000466,7.84875,6.70125,6.765,7.668749999999999,8.795625000000001,7.160625,-0.06250000000000006,0.30000000000000027,-0.25,-0.25,205.89375,206.7,206.86874999999998,210.0375,205.8375,210.89999999999998,1.200000000000001,1.1812499999999948,1.050000000000001,203.86874999999998,206.02499999999998,205.0125,0.06249999999999867,0.03437499999999982,0.4568749999999999,0.5206250000000001,2.42375,3.0806250000000004,-0.25,-0.25,4.848125,4.77375,1.7612499999999998,1.6325,4.626875,2.405,4.8843749999999995,4.7250000000000005,2.2831249999999996,5.05375,2.2775,2.3012500000000005
65,20.206249999999997,20.5125,20.171875,0.05437499999999984,0.05812499999999943,0.056250000000000466,7.84875,6.70125,6.7631250000000005,7.668749999999999,8.79375,7.160625,-0.06562499999999971,0.30000000000000027,-0.25,-0.25,205.85625,206.0625,206.56875,209.75625,205.42499999999998,210.225,0.9937499999999988,0.8625000000000049,0.6000000000000005,204.00000000000003,205.06875,204.69375,0.06249999999999867,0.03437499999999982,0.45625000000000027,0.5206250000000001,2.82625,2.51375,-0.25,-0.25,4.85,4.78125,1.7599999999999998,1.6218749999999997,4.628125,2.40375,4.8812500000000005,4.721875,2.281875,5.056875,2.2775,2.3
66,20.206249999999997,20.537499999999998,20.168750000000003,0.052499999999999214,0.06000000000000005,0.05437499999999984,7.84875,6.70125,6.765,7.668749999999999,8.795625000000001,7.160625,-0.07500000000000007,0.29375000000000095,-0.25,-0.25,205.35,206.1375,206.25,209.38125,204.675,209.38125,0.6187500000000068,0.374999999999992,0.48749999999999627,202.5375,205.0875,204.61875,0.06249999999999867,0.03437499999999982,0.45499999999999985,0.5206250000000001,2.32,2.7212499999999995,-0.25,-0.25,4.824375,4.726249999999999,1.7599999999999998,1.63375,4.6362499999999995,2.40375,4.8843749999999995,4.720625,2.2825,5.055625,2.275625,2.29875
67,20.203125,20.540625000000002,20.168750000000003,0.05437499999999984,0.05812499999999943,0.056250000000000466,7.84875,6.70125,6.765,7.6706249999999985,8.79375,7.160625,-0.06562499999999971,0.30000000000000027,-0.25,-0.25,205.61249999999998,205.38750000000002,206.25,209.11875,205.1625,209.88750000000002,0.2625000000000044,0.4500000000000004,0.5812499999999943,203.10000000000002,204.45,204.31875,0.06249999999999867,0.03375000000000017,0.45499999999999985,0.521875,2.9000000000000004,2.159375,-0.25,-0.25,4.828125,4.7231250000000005,1.7599999999999998,1.61125,4.635625,2.4043750000000004,4.885625,4.721875,2.281875,5.055,2.275,2.2993750000000004
68,20.206249999999997,20.540625000000002,20.171875,0.052499999999999214,0.05812499999999943,0.056250000000000466,7.84875,6.70125,6.765,7.668749999999999,8.795625000000001,7.160625,-0.06874999999999937,0.3031250000000013,-0.25,-0.25,205.03125,205.4625,204.91875000000002,208.38750000000002,203.5125,207.97500000000002,-0.6374999999999964,-0.6937499999999985,-0.7874999999999965,201.16875,202.61249999999998,202.96875,0.06249999999999867,0.03375000000000017,0.45562500000000006,0.5225000000000002,2.435,2.99125,-0.25,-0.2499375,4.874375,4.71125,1.7612499999999998,1.61875,4.6343749999999995,2.4025000000000003,4.8862499999999995,4.7250000000000005,2.2825,5.05625,2.276875,2.2981249999999998
69,20.206249999999997,20.540625000000002,20.174999999999997,0.052499999999999214,0.05812499999999943,0.056250000000000466,7.84875,6.699375000000001,6.765,7.6706249999999985,8.795625000000001,7.160625,-0.06562499999999971,0.30000000000000027,-0.25,-0.25,203.70000000000002,204.225,204.84375,207.28125,203.5875,208.40625,-0.43125000000000246,-0.46874999999999833,-0.39374999999999827,201.8625,204.225,203.56875,0.06249999999999867,0.03312499999999996,0.45562500000000006,0.521875,2.6593750000000007,2.3762499999999998,-0.2499375,-0.25,4.855,4.6975,1.7762499999999997,1.640625,4.64,2.401875,4.888125,4.7231250000000005,2.2825,5.0531250000000005,2.275,2.2993750000000004
70,20.206249999999997,20.540625000000002,20.174999999999997,0.052499999999999214,0.05812499999999943,0.056250000000000466,7.850624999999999,6.70125,6.765,7.668749999999999,8.79375,7.160625,-0.06250000000000006,0.30000000000000027,-0.25,-0.25,205.50000000000003,206.625,206.68125,210.0,205.85625,210.88125,1.106250000000003,1.012500000000005,0.9749999999999925,203.92499999999998,205.81875,205.725,0.06249999999999867,0.03375000000000017,0.45625000000000027,0.5212499999999998,2.6131249999999993,2.78625,-0.25,-0.25,4.866875,4.766875000000001,1.745625,1.6193750000000002,4.64,2.40375,4.885000000000001,4.725625,2.280625,5.051875,2.27625,2.3
71,20.203125,20.540625000000002,20.174999999999997,0.052499999999999214,0.05812499999999943,0.056250000000000466,7.84875,6.70125,6.765,7.668749999999999,8.795625000000001,7.160625,-0.0593750000000004,0.2968749999999992,-0.25,-0.25,205.5375,206.23125000000002,205.8,209.34374999999997,205.59375,210.18750000000003,0.7874999999999965,0.8437499999999987,0.4500000000000004,203.83125,205.10625,204.88125,0.06249999999999867,0.03312499999999996,0.45625000000000027,0.521875,2.5306249999999997,2.3137499999999998,-0.25,-0.25,4.856249999999999,4.72375,1.7599999999999998,1.6268749999999998,4.6362499999999995,2.4025000000000003,4.8862499999999995,4.726875000000001,2.28125,5.0525,2.2775,2.2981249999999998
72,20.203125,20.540625000000002,20.171875,0.052499999999999214,0.05812499999999943,0.056250000000000466,7.84875,6.699375000000001,6.765,7.668749999999999,8.795625000000001,7.160625,-0.07187500000000041,0.2968749999999992,-0.25,-0.25,204.975,205.9875,206.49375,208.96875,204.61875,209.60625000000002,0.6749999999999923,0.6000000000000005,0.5062500000000025,202.66875,205.10625,204.4875,0.06249999999999867,0.03312499999999996,0.45562500000000006,0.521875,2.6837500000000003,2.8893749999999994,-0.25,-0.25,4.83375,4.791875,1.7612499999999998,1.6049999999999998,4.631875,2.40375,4.8875,4.722499999999999,2.280625,5.05,2.27625,2.2975000000000003
73,20.206249999999997,20.540625000000002,20.168750000000003,0.052499999999999214,0.05812499999999943,0.056250000000000466,7.84875,6.699375000000001,6.7575,7.668749999999999,8.780625,7.160625,-0.0593750000000004,0.3031250000000013,-0.25,-0.25,205.38750000000002,205.5375,205.96875,208.68750000000003,205.125,209.85,0.5249999999999921,0.5437499999999984,0.5812499999999943,202.85625000000002,204.45,204.4875,0.06249999999999867,0.03249999999999975,0.45562500000000006,0.521875,2.521875,2.5843749999999996,-0.25,-0.25,4.853125,4.761875,1.7643750000000002,1.6549999999999998,4.623749999999999,2.4043750000000004,4.8843749999999995,4.722499999999999,2.280625,5.0531250000000005,2.276875,2.2981249999999998
74,20.206249999999997,20.5125,20.150000000000002,0.052499999999999214,0.05812499999999943,0.056250000000000466,7.84875,6.699375000000001,6.748125,7.6706249999999985,8.77875,7.160625,-0.06874999999999937,0.3031250000000013,-0.25,-0.25,205.29375,205.44375000000002,205.125,208.66875,203.88750000000002,208.10625000000002,-0.46874999999999833,-0.6374999999999964,-0.6750000000000006,200.83125,202.78125,202.85625000000002,0.06249999999999867,0.03249999999999975,0.45625000000000027,0.5212499999999998,2.67625,2.7231249999999996,-0.25,-0.25,4.87,4.7375,1.768125,1.6225,4.624375,2.4031249999999997,4.885000000000001,4.724374999999999,2.28125,5.0525,2.2775,2.296875
75,20.206249999999997,20.515625,20.146874999999998,0.052499999999999214,0.05812499999999943,0.056250000000000466,7.850624999999999,6.70125,6.749999999999999,7.668749999999999,8.780625,7.160625,-0.06874999999999937,0.2968749999999992,-0.25,-0.25,203.4,204.05624999999998,204.52499999999998,207.11249999999998,203.34375,208.74374999999998,-0.6000000000000005,-0.46874999999999833,-0.48749999999999627,202.04999999999998,204.1875,203.5125,0.06249999999999867,0.03249999999999975,0.45625000000000027,0.5212499999999998,2.370625,2.285625,-0.2499375,-0.25,4.841875,4.7250000000000005,1.760625,1.6281250000000003,4.629375,2.4043750000000004,4.8862499999999995,4.7250000000000005,2.28,5.049375,2.275625,2.29875
76,20.206249999999997,20.51875,20.146874999999998,0.05437499999999984,0.05812499999999943,0.056250000000000466,7.850624999999999,6.699375000000001,6.748125,7.668749999999999,8.77875,7.160625,-0.0531249999999997,0.2968749999999992,-0.25,-0.25,205.70625,206.45624999999998,206.38125,209.90625,205.81875,210.6375,1.0874999999999968,1.0874999999999968,1.012500000000005,203.79375,205.725,206.02499999999998,0.06249999999999867,0.03249999999999975,0.45625000000000027,0.5199999999999999,2.90875,2.7975000000000003,-0.25,-0.25,4.815625,4.741875,1.7475,1.6218749999999997,4.631875,2.4043750000000004,4.883125000000001,4.7250000000000005,2.28,5.0512500000000005,2.27625,2.2975000000000003
77,20.206249999999997,20.515625,20.146874999999998,0.05437499999999984,0.05812499999999943,0.056250000000000466,7.850624999999999,6.699375000000001,6.748125,7.668749999999999,8.77875,7.160625,-0.06874999999999937,0.29375000000000095,-0.25,-0.25,205.9125,206.08124999999998,206.10000000000002,209.5875,204.71249999999998,210.20625,0.8249999999999924,0.7874999999999965,0.8812499999999945,203.475,205.35,204.76874999999998,0.06249999999999867,0.03249999999999975,0.4568749999999999,0.5212499999999998,2.290625,2.5512500000000005,-0.25,-0.25,4.865,4.726875000000001,1.7725000000000002,1.629375,4.631875,2.40375,4.8862499999999995,4.72375,2.280625,5.050625,2.2775,2.2975000000000003
78,20.206249999999997,20.509375000000002,20.150000000000002,0.052499999999999214,0.05812499999999943,0.05812499999999943,7.850624999999999,6.699375000000001,6.749999999999999,7.668749999999999,8.77875,7.160625,-0.07187500000000041,0.3031250000000013,-0.25,-0.25,205.10625,205.78125,206.04375000000002,208.5375,204.9375,209.775,0.7687500000000069,0.281249999999994,0.374999999999992,203.23125000000002,204.8625,204.5625,0.06249999999999867,0.03249999999999975,0.4568749999999999,0.521875,2.885,2.650625,-0.25,-0.25,4.8225,4.736875,1.7531249999999998,1.6268749999999998,4.630625,2.405625,4.885625,4.726249999999999,2.279375,5.05,2.275625,2.29875
79,20.206249999999997,20.509375000000002,20.146874999999998,0.052499999999999214,0.05812499999999943,0.056250000000000466,7.850624999999999,6.70125,6.748125,7.6706249999999985,8.77875,7.160625,-0.0593750000000004,0.3062499999999996,-0.25,-0.25,205.275,205.6875,206.08124999999998,209.08124999999998,204.3375,209.47500000000002,0.46875000000000666,0.6374999999999964,0.5625000000000047,202.81875,204.76874999999998,204.76874999999998,0.06249999999999867,0.03249999999999975,0.4568749999999999,0.5231249999999998,2.4518750000000002,2.4556250000000004,-0.25,-0.25,4.84375,4.775,1.7462499999999999,1.6581249999999996,4.6325,2.405,4.88375,4.728750000000001,2.280625,5.0525,2.276875,2.3
80,20.206249999999997,20.5125,20.146874999999998,0.05437499999999984,0.05812499999999943,0.056250000000000466,7.84875,6.699375000000001,6.749999999999999,7.6706249999999985,8.786249999999999,7.160625,-0.0593750000000004,0.3031250000000013,-0.25,-0.25,205.76250000000002,205.50000000000003,205.65,208.61249999999998,204.75,208.68750000000003,-0.1312500000000022,-0.33749999999999614,-0.5812500000000026,201.3,203.11875,202.78125,0.06249999999999867,0.03249999999999975,0.4581249999999998,0.521875,2.6675000000000004,2.79,-0.25,-0.25,4.865625,4.776875,1.76375,1.611875,4.638125,2.40375,4.885000000000001,4.724374999999999,2.281875,5.0475,2.2775,2.29875
81,20.187500000000004,20.515625,20.146874999999998,0.052499999999999214,0.05812499999999943,0.056250000000000466,7.850624999999999,6.70125,6.749999999999999,7.6706249999999985,8.79375,7.160625,-0.07187500000000041,0.3062499999999996,-0.25,-0.25,203.19375,204.01875,203.9625,207.525,203.41875000000002,208.63125000000002,-0.6000000000000005,-0.6562500000000027,-0.4500000000000004,201.80625,203.81249999999997,203.73749999999998,0.06875000000000075,0.03249999999999975,0.4568749999999999,0.5225000000000002,2.5449999999999995,2.7393749999999994,-0.2499375,-0.2500625,4.873125,4.774374999999999,1.7731249999999998,1.609375,4.6343749999999995,2.405,4.883125000000001,4.722499999999999,2.280625,5.04625,2.275625,2.3
82,20.181250000000002,20.515625,20.150000000000002,0.05437499999999984,0.05812499999999943,0.056250000000000466,7.850624999999999,6.699375000000001,6.749999999999999,7.668749999999999,8.79375,7.160625,-0.07187500000000041,0.30000000000000027,-0.25,-0.25,205.23749999999998,205.875,206.4375,209.49375,205.65,210.4875,0.9187500000000071,0.9562500000000029,0.9937499999999988,204.31875,205.85625,205.725,0.06249999999999867,0.03249999999999975,0.4568749999999999,0.521875,2.6437500000000003,2.6468749999999996,-0.25,-0.2500625,4.8012500000000005,4.74375,1.7349999999999999,1.6375000000000002,4.6274999999999995,2.40375,4.88375,4.7250000000000005,2.280625,5.048125,2.27625,2.2981249999999998
83,20.181250000000002,20.515625,20.150000000000002,0.05437499999999984,0.05812499999999943,0.056250000000000466,7.850624999999999,6.703125,6.749999999999999,7.668749999999999,8.795625000000001,7.1587499999999995,-0.06250000000000006,0.3031250000000013,-0.25,-0.25,205.6875,206.0625,206.21249999999998,209.30625,205.5375,209.85,0.7874999999999965,1.0874999999999968,1.0874999999999968,203.15625000000003,205.25625,204.825,0.06249999999999867,0.03249999999999975,0.4581249999999998,0.5212499999999998,2.524375,2.4231249999999998,-0.25,-0.25,4.834375,4.719375,1.7525000000000002,1.6149999999999998,4.623125,2.4031249999999997,4.886875000000001,4.722499999999999,2.280625,5.044375,2.275625,2.2975000000000003
84,20.178125,20.5125,20.146874999999998,0.05437499999999984,0.05812499999999943,0.05812499999999943,7.850624999999999,6.699375000000001,6.748125,7.6706249999999985,8.795625000000001,7.160625,-0.07500000000000007,0.3031250000000013,-0.25,-0.25,205.06875,205.76250000000002,205.89375,208.76250000000002,205.0875,210.15,0.7500000000000007,0.6374999999999964,0.41250000000000453,203.15625000000003,205.20000000000002,204.28125,0.06249999999999867,0.03249999999999975,0.4568749999999999,0.5206250000000001,2.5575,2.6831249999999995,-0.25,-0.25,4.82375,4.74875,1.7731249999999998,1.609375,4.621874999999999,2.405,4.8843749999999995,4.7231250000000005,2.28,5.048125,2.275,2.2981249999999998
85,20.178125,20.490625,20.14375,0.052499999999999214,0.05812499999999943,0.056250000000000466,7.84875,6.70125,6.749999999999999,7.6706249999999985,8.79375,7.160625,-0.07187500000000041,0.30000000000000027,-0.25,-0.25,204.80625,205.6875,205.89375,209.30625,204.50625,209.28750000000002,0.3562500000000024,0.6749999999999923,0.281249999999994,202.89374999999998,204.375,204.4125,0.06249999999999867,0.03249999999999975,0.4568749999999999,0.5206250000000001,2.751875,2.791875,-0.25,-0.25,4.859999999999999,4.74125,1.7693750000000001,1.63125,4.62625,2.40375,4.88375,4.726249999999999,2.28125,5.04875,2.274375,2.2975000000000003
86,20.178125,20.490625,20.14375,0.052499999999999214,0.05812499999999943,0.056250000000000466,7.84875,6.70125,6.748125,7.6706249999999985,8.79375,7.160625,-0.06562499999999971,0.2968749999999992,-0.25,-0.25,205.20000000000002,205.35,205.59375,208.42499999999998,204.9375,209.53125,0.24374999999999813,-0.2250000000000002,-0.30000000000000027,201.46874999999997,203.4375,202.57500000000002,0.06249999999999867,0.03312499999999996,0.4568749999999999,0.5193750000000003,2.321875,2.4875000000000003,-0.25,-0.25,4.84,4.75625,1.7612499999999998,1.615625,4.631875,2.40375,4.8843749999999995,4.726249999999999,2.280625,5.048125,2.275,2.2975000000000003
87,20.181250000000002,20.490625,20.146874999999998,0.05437499999999984,0.05812499999999943,0.056250000000000466,7.84875,6.699375000000001,6.749999999999999,7.668749999999999,8.795625000000001,7.160625,-0.06562499999999971,0.3062499999999996,-0.25,-0.25,202.95,203.775,204.07500000000002,207.6375,203.5125,208.35,-0.8062500000000028,-0.5250000000000005,-0.5624999999999963,202.20000000000002,203.02499999999998,203.86874999999998,0.06249999999999867,0.03312499999999996,0.4568749999999999,0.5193750000000003,2.9581250000000003,2.5975,-0.25,-0.25,4.8,4.71875,1.74875,1.6149999999999998,4.63,2.40375,4.88375,4.726875000000001,2.280625,5.05375,2.276875,2.29875
88,20.181250000000002,20.490625,20.146874999999998,0.052499999999999214,0.05812499999999943,0.056250000000000466,7.84875,6.70125,6.749999999999999,7.668749999999999,8.79375,7.160625,-0.06562499999999971,0.30000000000000027,-0.25,-0.25,204.73125000000002,205.42499999999998,206.21249999999998,209.0625,205.0125,210.09375,0.8437499999999987,0.7125000000000048,0.9187500000000071,203.81249999999997,206.02499999999998,205.40625,0.06249999999999867,0.03312499999999996,0.4568749999999999,0.5193750000000003,2.34875,2.5931249999999997,-0.25,-0.25,4.842499999999999,4.736875,1.756875,1.63,4.631875,2.4031249999999997,4.8875,4.722499999999999,2.28125,5.051875,2.2775,2.2975000000000003
89,20.181250000000002,20.490625,20.146874999999998,0.052499999999999214,0.05812499999999943,0.056250000000000466,7.84875,6.688125,6.748125,7.668749999999999,8.79375,7.160625,-0.056249999999999356,0.30000000000000027,-0.25,-0.25,206.10000000000002,206.75625,206.325,209.86875,205.51875,209.98125,0.9374999999999967,0.9749999999999925,0.9000000000000008,203.3625,204.99375,204.88125,0.06249999999999867,0.03312499999999996,0.45625000000000027,0.5199999999999999,2.7468749999999997,2.905,-0.25,-0.25,4.8875,4.74375,1.7806250000000001,1.6368749999999999,4.6362499999999995,2.4043750000000004,4.888125,4.719375,2.28,5.050625,2.275625,2.2993750000000004
90,20.178125,20.490625,20.146874999999998,0.052499999999999214,0.05812499999999943,0.056250000000000466,7.84875,6.684375000000001,6.748125,7.6706249999999985,8.795625000000001,7.1625000000000005,-0.06874999999999937,0.3062499999999996,-0.25,-0.25,205.66875,205.875,205.5375,208.95,205.0875,210.13125000000002,0.5062500000000025,0.46875000000000666,0.48749999999999627,203.4375,204.75,204.46875,0.06249999999999867,0.03312499999999996,0.45625000000000027,0.51875,2.485,2.54375,-0.25,-0.25,4.85,4.743125,1.7737500000000002,1.6125,4.635,2.405625,4.885625,4.7250000000000005,2.279375,5.054375,2.276875,2.29875
91,20.178125,20.490625,20.14375,0.05437499999999984,0.05812499999999943,0.056250000000000466,7.84875,6.684375000000001,6.748125,7.6706249999999985,8.795625000000001,7.160625,-0.07187500000000041,0.3031250000000013,-0.25,-0.25,204.6375,205.875,205.81875,208.89375,204.5625,209.08124999999998,0.6374999999999964,0.6374999999999964,0.5437499999999984,202.38750000000002,204.675,204.43125,0.06249999999999867,0.03312499999999996,0.4568749999999999,0.5193750000000003,2.7325,2.6431249999999995,-0.25,-0.25,4.878749999999999,4.766249999999999,1.76375,1.6268749999999998,4.6325,2.405625,4.888125,4.72375,2.281875,5.049375,2.27625,2.296875
92,20.178125,20.487499999999997,20.146874999999998,0.052499999999999214,0.05812499999999943,0.056250000000000466,7.84875,6.684375000000001,6.748125,7.668749999999999,8.780625,7.160625,-0.06250000000000006,0.2968749999999992,-0.25,-0.25,205.3125,205.21875,205.57500000000002,208.95,204.52499999999998,209.7,0.13124999999999387,0.39374999999999827,-0.03749999999999587,201.9375,203.4,203.08124999999998,0.06249999999999867,0.03375000000000017,0.45499999999999985,0.5181249999999998,2.40375,2.521875,-0.25,-0.25,4.81625,4.771875,1.7737500000000002,1.600625,4.626875,2.405625,4.888125,4.7231250000000005,2.28,5.04875,2.276875,2.2981249999999998
93,20.156249999999996,20.487499999999997,20.146874999999998,0.052499999999999214,0.05812499999999943,0.056250000000000466,7.850624999999999,6.684375000000001,6.749999999999999,7.668749999999999,8.77875,7.160625,-0.06562499999999971,0.30000000000000027,-0.25,-0.25,203.4375,203.75625000000002,203.9625,207.50625,203.38125,208.10625000000002,-0.6750000000000006,-0.6000000000000005,-0.6187499999999985,201.95625,203.41875000000002,203.56875,0.06249999999999867,0.03375000000000017,0.45562500000000006,0.5175000000000002,2.8043750000000003,3.0056249999999993,-0.25,-0.25,4.827500000000001,4.75375,1.7537500000000001,1.620625,4.620625,2.405,4.885000000000001,4.7281249999999995,2.28,5.0512500000000005,2.276875,2.296875
94,20.156249999999996,20.490625,20.146874999999998,0.05437499999999984,0.05812499999999943,0.056250000000000466,7.84875,6.684375000000001,6.748125,7.668749999999999,8.77875,7.160625,-0.06874999999999937,0.30000000000000027,-0.25,-0.25,204.2625,204.975,205.6875,208.38750000000002,204.91875000000002,210.0375,0.6937499999999985,0.7874999999999965,0.8625000000000049,203.75625000000002,206.0625,205.4625,0.06249999999999867,0.03375000000000017,0.45625000000000027,0.5181249999999998,2.5006249999999994,2.35375,-0.25,-0.25,4.826875,4.81,1.7543750000000002,1.6081250000000002,4.625624999999999,2.4043750000000004,4.88875,4.726875000000001,2.280625,5.0475,2.27625,2.2956250000000002
95,20.153125,20.490625,20.146874999999998,0.05437499999999984,0.05812499999999943,0.056250000000000466,7.84875,6.684375000000001,6.749999999999999,7.668749999999999,8.780625,7.160625,-0.06250000000000006,0.3031250000000013,-0.25,-0.25,206.4375,206.92499999999998,206.6625,209.7375,205.51875,210.26250000000002,0.8812499999999945,1.012500000000005,1.012500000000005,203.81249999999997,205.23749999999998,204.825,0.06249999999999867,0.03375000000000017,0.45562500000000006,0.516875,2.5087499999999996,2.7875000000000005,-0.25,-0.25,4.878125,4.766875000000001,1.7793750000000004,1.6275,4.629375,2.406875,4.88875,4.72375,2.279375,5.048125,2.2781249999999997,2.2993750000000004
96,20.153125,20.490625,20.146874999999998,0.05437499999999984,0.05812499999999943,0.056250000000000466,7.84875,6.684375000000001,6.748125,7.6706249999999985,8.780625,7.160625,-0.06250000000000006,0.3062499999999996,-0.25,-0.25,205.57500000000002,205.9125,205.63125000000002,209.45624999999998,204.91875000000002,210.07500000000002,0.46875000000000666,0.48749999999999627,0.6187500000000068,203.4375,204.39374999999998,204.76874999999998,0.06249999999999867,0.03437499999999982,0.45625000000000027,0.516875,2.85625,2.4975000000000005,-0.25,-0.25,4.838750000000001,4.72,1.7581249999999997,1.6325,4.631875,2.405625,4.886875000000001,4.72125,2.28,5.05,2.2781249999999997,2.2993750000000004
97,20.153125,20.484375,20.146874999999998,0.052499999999999214,0.06000000000000005,0.056250000000000466,7.84875,6.684375000000001,6.748125,7.6706249999999985,8.77875,7.160625,-0.07187500000000041,0.3062499999999996,-0.25,-0.25,205.14375,205.6875,206.175,208.3125,204.6375,209.5125,0.7500000000000007,0.5062500000000025,0.30000000000000027,202.74375,204.9375,204.225,0.06249999999999867,0.03437499999999982,0.45625000000000027,0.5175000000000002,2.35125,3.0400000000000005,-0.25,-0.25,4.851875,4.703749999999999,1.7449999999999999,1.6025,4.633125,2.406875,4.888125,4.72125,2.280625,5.0475,2.275,2.29875
98,20.156249999999996,20.484375,20.146874999999998,0.05437499999999984,0.05812499999999943,0.056250000000000466,7.84875,6.684375000000001,6.748125,7.668749999999999,8.77875,7.160625,-0.06874999999999937,0.30000000000000027,-0.25,-0.25,204.58124999999998,205.59375,205.875,209.19375,204.69375,209.98125,0.30000000000000027,0.6187500000000068,0.43124999999999414,202.66875,203.53125,203.53125,0.06249999999999867,0.03437499999999982,0.45625000000000027,0.5181249999999998,2.8093749999999993,2.405625,-0.25,-0.25,4.856249999999999,4.775,1.75875,1.620625,4.6343749999999995,2.408125,4.8862499999999995,4.725625,2.28,5.048125,2.276875,2.2993750000000004
99,20.156249999999996,20.487499999999997,20.146874999999998,0.05437499999999984,0.05812499999999943,0.056250000000000466,7.84875,6.684375000000001,6.749999999999999,7.668749999999999,8.786249999999999,7.1587499999999995,-0.0593750000000004,0.30000000000000027,-0.25,-0.25,203.5125,203.5125,203.81249999999997,207.4125,203.38125,208.06875,-0.7124999999999965,-0.8250000000000007,-0.8062500000000028,201.375,203.28750000000002,203.34375,0.06249999999999867,0.03437499999999982,0.45625000000000027,0.51875,2.4475000000000002,2.8400000000000003,-0.25,-0.25,4.81375,4.789375,1.7525000000000002,1.6399999999999997,4.639375,2.40625,4.8875,4.7250000000000005,2.280625,5.04875,2.276875,2.3
100,20.134375,20.490625,20.146874999999998,0.052499999999999214,0.05812499999999943,0.056250000000000466,7.84875,6.686249999999999,6.749999999999999,7.6706249999999985,8.79375,7.160625,-0.07500000000000007,0.29375000000000095,-0.25,-0.25,204.0375,204.80625,205.23749999999998,208.14375,204.58124999999998,209.8125,0.4500000000000004,0.6187500000000068,0.7687500000000069,203.79375,205.65,204.975,0.06249999999999867,0.03437499999999982,0.45625000000000027,0.5181249999999998,2.75375,2.2912500000000002,-0.25,-0.25,4.905625000000001,4.7231250000000005,1.7762499999999997,1.6068749999999998,4.641875,2.4075,4.88875,4.724374999999999,2.28,5.046875,2.27625,2.2993750000000004
101,20.128125,20.490625,20.146874999999998,0.05437499999999984,0.05812499999999943,0.056250000000000466,7.84875,6.684375000000001,6.748125,7.6706249999999985,8.79375,7.160625,-0.06250000000000006,0.2906249999999999,-0.25,-0.25,206.19375,206.775,206.71875,209.85,205.95,210.61875,0.9374999999999967,1.293749999999999,0.9187500000000071,203.68124999999998,205.36874999999998,205.74375,0.06249999999999867,0.03500000000000003,0.45625000000000027,0.51875,2.3737500000000002,3.0993749999999998,-0.25,-0.25,4.836875000000001,4.74125,1.76875,1.630625,4.635,2.408125,4.886875000000001,4.728750000000001,2.280625,5.05,2.2775,2.2993750000000004
102,20.128125,20.490625,20.153125,0.05437499999999984,0.05812499999999943,0.056250000000000466,7.84875,6.684375000000001,6.748125,7.6706249999999985,8.795625000000001,7.160625,-0.06562499999999971,0.3062499999999996,-0.25,-0.25,205.9125,205.725,205.95,209.60625000000002,205.38750000000002,209.3625,0.6187500000000068,0.6374999999999964,0.6374999999999964,203.25,204.75,204.28125,0.06249999999999867,0.03437499999999982,0.4568749999999999,0.5181249999999998,2.894375,2.279375,-0.25,-0.25,4.866875,4.81125,1.7631249999999998,1.611875,4.628125,2.406875,4.889375,4.726875000000001,2.28125,5.048125,2.276875,2.2981249999999998
103,20.128125,20.487499999999997,20.146874999999998,0.052499999999999214,0.05812499999999943,0.056250000000000466,7.850624999999999,6.6825,6.749999999999999,7.6706249999999985,8.795625000000001,7.149374999999999,-0.06874999999999937,0.3093750000000006,-0.25,-0.25,204.975,205.6875,205.55624999999998,208.65,204.76874999999998,210.0,0.6749999999999923,0.374999999999992,0.5062500000000025,202.9125,205.3125,204.31875,0.06249999999999867,0.03437499999999982,0.4568749999999999,0.5175000000000002,2.361875,2.79375,-0.25,-0.25,4.88375,4.73375,1.76375,1.6381250000000003,4.625624999999999,2.406875,4.890625,4.7231250000000005,2.28,5.05,2.275625,2.2975000000000003
104,20.128125,20.487499999999997,20.14375,0.05437499999999984,0.05812499999999943,0.056250000000000466,7.84875,6.684375000000001,6.748125,7.668749999999999,8.79375,7.145625,-0.0593750000000004,0.30000000000000027,-0.25,-0.25,204.91875000000002,205.81875,205.9875,209.55,204.76874999999998,209.53125,0.6374999999999964,0.5437499999999984,0.3562500000000024,203.1375,204.05624999999998,203.90625,0.06249999999999867,0.03375000000000017,0.45750000000000013,0.5175000000000002,2.774375,2.4281249999999996,-0.25,-0.25,4.84,4.7375,1.760625,1.6018749999999997,4.626875,2.40625,4.88875,4.72375,2.28125,5.051875,2.2775,2.2981249999999998
105,20.125,20.490625,20.14375,0.05437499999999984,0.05812499999999943,0.056250000000000466,7.84875,6.684375000000001,6.749999999999999,7.668749999999999,8.795625000000001,7.143749999999999,-0.06562499999999971,0.3031250000000013,-0.25,-0.25,203.625,203.81249999999997,204.1875,207.16875,202.85625000000002,207.825,-0.7312500000000027,-0.6562500000000027,-0.7124999999999965,201.39374999999998,203.41875000000002,203.26874999999998,0.06249999999999867,0.03375000000000017,0.45750000000000013,0.5175000000000002,2.558125,3.219375,-0.25,-0.25,4.84375,4.74625,1.766875,1.6262500000000002,4.6343749999999995,2.405625,4.889375,4.72375,2.2825,5.049375,2.27625,2.2981249999999998
106,20.128125,20.490625,20.146874999999998,0.05437499999999984,0.05812499999999943,0.056250000000000466,7.850624999999999,6.684375000000001,6.749999999999999,7.6706249999999985,8.795625000000001,7.145625,-0.06874999999999937,0.2968749999999992,-0.25,-0.25,204.01875,204.65624999999997,204.91875000000002,208.275,204.24375,209.625,0.2625000000000044,0.4500000000000004,0.5437499999999984,204.00000000000003,205.50000000000003,205.42499999999998,0.06249999999999867,0.03375000000000017,0.45750000000000013,0.5181249999999998,2.51375,2.2593750000000004,-0.25,-0.25,4.8875,4.781874999999999,1.7775000000000003,1.665625,4.636875,2.406875,4.89,4.7250000000000005,2.281875,5.0512500000000005,2.276875,2.2993750000000004
107,20.13125,20.490625,20.146874999999998,0.05437499999999984,0.05812499999999943,0.056250000000000466,7.84875,6.684375000000001,6.748125,7.6706249999999985,8.795625000000001,7.145625,-0.07500000000000007,0.3031250000000013,-0.25,-0.25,206.175,206.56875,207.11249999999998,210.15,205.76250000000002,210.43125,1.0687500000000072,0.9937499999999988,1.012500000000005,203.60625,205.35,205.38750000000002,0.06249999999999867,0.03375000000000017,0.4581249999999998,0.51875,2.718125,2.954375,-0.2499375,-0.25,4.83625,4.708125,1.766875,1.6281250000000003,4.633125,2.40625,4.8875,4.7250000000000005,2.2831249999999996,5.051875,2.2775,2.2993750000000004
108,20.13125,20.490625,20.146874999999998,0.05437499999999984,0.05812499999999943,0.056250000000000466,7.84875,6.699375000000001,6.748125,7.6706249999999985,8.79375,7.145625,-0.06250000000000006,0.3031250000000013,-0.25,-0.25,205.725,205.89375,206.47500000000002,209.1375,205.06875,209.49375,0.6000000000000005,0.6937499999999985,0.7500000000000007,203.325,205.0125,204.15,0.06249999999999867,0.03375000000000017,0.45750000000000013,0.5181249999999998,2.46875,2.21125,-0.25,-0.25,4.8568750000000005,4.7875,1.775,1.6262500000000002,4.6362499999999995,2.405625,4.89,4.7250000000000005,2.28125,5.04875,2.276875,2.2981249999999998
109,20.125,20.490625,20.146874999999998,0.05437499999999984,0.05812499999999943,0.056250000000000466,7.84875,6.70125,6.748125,7.668749999999999,8.79375,7.145625,-0.06562499999999971,0.30000000000000027,-0.25,-0.25,205.20000000000002,205.50000000000003,205.76250000000002,208.59375,204.65624999999997,210.11249999999998,0.374999999999992,0.41250000000000453,0.5062500000000025,203.26874999999998,204.78750000000002,204.52499999999998,0.06249999999999867,0.03375000000000017,0.45750000000000013,0.5193750000000003,2.7049999999999996,3.0793749999999998,-0.25,-0.25,4.845000000000001,4.78125,1.7618749999999999,1.6437499999999998,4.640625,2.4075,4.888125,4.728750000000001,2.28125,5.0531250000000005,2.276875,2.3012500000000005
110,20.125,20.490625,20.146874999999998,0.05437499999999984,0.05812499999999943,0.056250000000000466,7.84875,6.70125,6.748125,7.668749999999999,8.79375,7.145625,-0.07500000000000007,0.2968749999999992,-0.25,-0.25,204.8625,205.61249999999998,206.175,209.15625,204.95624999999998,209.79375,0.39374999999999827,0.5437499999999984,0.22499999999999187,203.08124999999998,204.73125000000002,204.225,0.06249999999999867,0.03312499999999996,0.4581249999999998,0.5206250000000001,2.44375,2.254375,-0.25,-0.25,4.83,4.828125,1.765,1.6012500000000003,4.64,2.4075,4.8875,4.726875000000001,2.281875,5.051875,2.2775,2.3012500000000005
111,20.128125,20.487499999999997,20.146874999999998,0.05437499999999984,0.05812499999999943,0.056250000000000466,7.84875,6.70125,6.749999999999999,7.668749999999999,8.780625,7.145625,-0.0593750000000004,0.3062499999999996,-0.25,-0.25,203.5125,204.09375,203.98125,207.11249999999998,202.6875,207.95624999999998,-0.8250000000000007,-0.7874999999999965,-0.7687499999999986,201.58124999999998,203.41875000000002,203.08124999999998,0.06249999999999867,0.03312499999999996,0.45750000000000013,0.5199999999999999,2.8356250000000003,2.9518750000000002,-0.25,-0.25,4.85125,4.715625,1.755,1.6343750000000001,4.636875,2.4075,4.890625,4.722499999999999,2.280625,5.049375,2.276875,2.3012500000000005
112,20.13125,20.487499999999997,20.146874999999998,0.05437499999999984,0.05812499999999943,0.056250000000000466,7.84875,6.70125,6.748125,7.6706249999999985,8.77875,7.145625,-0.06874999999999937,0.30000000000000027,-0.25,-0.25,204.225,204.43125,204.76874999999998,208.14375,204.35625,209.41875000000002,0.07499999999999174,0.1687500000000064,0.11250000000000426,203.6625,205.33125,205.59375,0.06249999999999867,0.03312499999999996,0.45625000000000027,0.5181249999999998,2.306875,2.28875,-0.25,-0.25,4.825,4.743125,1.7643750000000002,1.61125,4.630625,2.4093750000000003,4.88875,4.7250000000000005,2.280625,5.0525,2.276875,2.301875
113,20.128125,20.487499999999997,20.146874999999998,0.05437499999999984,0.05812499999999943,0.056250000000000466,7.84875,6.699375000000001,6.749999999999999,7.668749999999999,8.77875,7.145625,-0.06874999999999937,0.3031250000000013,-0.25,-0.25,205.89375,206.56875,207.01875,210.28125,205.93125,210.88125,1.2187500000000073,1.0687500000000072,0.9187500000000071,203.6625,205.95,205.275,0.06249999999999867,0.03312499999999996,0.45562500000000006,0.5193750000000003,2.930625,3.3299999999999996,-0.25,-0.25,4.845625,4.766249999999999,1.7743750000000003,1.630625,4.626875,2.4075,4.885625,4.724374999999999,2.281875,5.05,2.275,2.300625
114,20.128125,20.49375,20.146874999999998,0.05437499999999984,0.06000000000000005,0.056250000000000466,7.84875,6.699375000000001,6.748125,7.668749999999999,8.780625,7.145625,-0.06250000000000006,0.30000000000000027,-0.25,-0.25,205.93125,206.02499999999998,206.4375,209.00625,204.825,209.86875,0.5062500000000025,0.6937499999999985,0.8437499999999987,202.9125,204.88125,204.65624999999997,0.06249999999999867,0.03312499999999996,0.45625000000000027,0.5199999999999999,2.390625,2.11625,-0.25,-0.25,4.81125,4.745,1.7425000000000002,1.620625,4.63125,2.408125,4.8875,4.722499999999999,2.28,5.05,2.275,2.2993750000000004
115,20.128125,20.490625,20.146874999999998,0.052499999999999214,0.05812499999999943,0.05812499999999943,7.84875,6.70125,6.749999999999999,7.668749999999999,8.77875,7.143749999999999,-0.0593750000000004,0.30000000000000027,-0.25,-0.25,205.44375000000002,205.42499999999998,205.38750000000002,209.23125000000002,205.03125,210.26250000000002,0.6374999999999964,0.48749999999999627,0.30000000000000027,203.34375,204.35625,204.39374999999998,0.06249999999999867,0.03312499999999996,0.45625000000000027,0.5193750000000003,2.698125,2.9943750000000002,-0.25,-0.2499375,4.87,4.74125,1.7599999999999998,1.65125,4.635625,2.408125,4.8875,4.724374999999999,2.281875,5.051875,2.275625,2.300625
116,20.128125,20.484375,20.146874999999998,0.05437499999999984,0.06000000000000005,0.056250000000000466,7.84875,6.70125,6.749999999999999,7.668749999999999,8.77875,7.143749999999999,-0.06562499999999971,0.29375000000000095,-0.25,-0.25,204.75,205.48125,206.08124999999998,209.00625,204.50625,209.68125,0.4500000000000004,0.4500000000000004,0.3562500000000024,202.5,205.29375,204.39374999999998,0.06249999999999867,0.03312499999999996,0.45625000000000027,0.51875,2.5431250000000007,2.15625,-0.25,-0.25,4.838125,4.73125,1.7756250000000002,1.6175000000000002,4.636875,2.406875,4.8862499999999995,4.725625,2.281875,5.05,2.275625,2.2993750000000004
117,20.128125,20.484375,20.146874999999998,0.052499999999999214,0.05812499999999943,0.056250000000000466,7.850624999999999,6.70125,6.749999999999999,7.6706249999999985,8.780625,7.145625,-0.06250000000000006,0.30000000000000027,-0.25,-0.25,203.4,204.45,204.45,207.15,202.93125,207.88125,-0.8250000000000007,-0.7687499999999986,-0.7687499999999986,201.75,203.175,203.00625,0.06249999999999867,0.03312499999999996,0.45562500000000006,0.5193750000000003,2.6249999999999996,3.0275,-0.25,-0.25,4.823125,4.796875,1.7562499999999996,1.630625,4.6375,2.4075,4.8862499999999995,4.7275,2.279375,5.0512500000000005,2.27625,2.29875
118,20.128125,20.487499999999997,20.146874999999998,0.052499999999999214,0.05812499999999943,0.056250000000000466,7.84875,6.70125,6.749999999999999,7.6706249999999985,8.780625,7.145625,-0.0593750000000004,0.30000000000000027,-0.25,-0.25,204.1875,204.4125,204.4125,208.21875,204.1875,208.89375,-0.187499999999996,-0.28125000000000233,0.1687500000000064,203.08124999999998,204.975,205.36874999999998,0.06249999999999867,0.03312499999999996,0.45562500000000006,0.5206250000000001,2.5949999999999998,2.2475,-0.25,-0.25,4.865,4.736875,1.76875,1.6281250000000003,4.63875,2.408125,4.883125000000001,4.726249999999999,2.28125,5.0525,2.2775,2.2993750000000004
119,20.128125,20.490625,20.14375,0.05437499999999984,0.05812499999999943,0.056250000000000466,7.84875,6.699375000000001,6.748125,7.6706249999999985,8.77875,7.145625,-0.07187500000000041,0.30000000000000027,-0.25,-0.25,205.89375,206.3625,206.99999999999997,210.18750000000003,205.78125,210.4125,1.0687500000000072,1.0874999999999968,0.7687500000000069,203.6625,206.175,204.58124999999998,0.06249999999999867,0.03249999999999975,0.45625000000000027,0.5212499999999998,2.528125,3.0112499999999995,-0.25,-0.25,4.82875,4.69125,1.760625,1.59875,4.64125,2.406875,4.885000000000001,4.719375,2.28125,5.05,2.276875,2.29875
120,20.128125,20.490625,20.146874999999998,0.05437499999999984,0.05812499999999943,0.056250000000000466,7.84875,6.699375000000001,6.749999999999999,7.6706249999999985,8.77875,7.145625,-0.06250000000000006,0.2968749999999992,-0.25,-0.25,205.74375,205.89375,206.49375,209.1,204.65624999999997,210.01875,0.6562500000000027,0.8062500000000028,0.6187500000000068,203.5125,204.375,204.99375,0.06249999999999867,0.03249999999999975,0.45625000000000027,0.5206250000000001,2.7175000000000002,2.14,-0.25,-0.25,4.8256250000000005,4.739375,1.7575000000000003,1.6412500000000003,4.63875,2.4075,4.885000000000001,4.721875,2.28,5.051875,2.27625,2.2993750000000004
121,20.128125,20.490625,20.150000000000002,0.052499999999999214,0.056250000000000466,0.056250000000000466,7.84875,6.70125,6.749999999999999,7.668749999999999,8.77875,7.145625,-0.056249999999999356,0.3093750000000006,-0.25,-0.25,205.40625,205.63125000000002,205.70625,209.26874999999998,205.35,209.75625,0.41250000000000453,0.6000000000000005,0.7125000000000048,203.175,204.65624999999997,204.225,0.06249999999999867,0.03249999999999975,0.45562500000000006,0.5206250000000001,2.395,3.3999999999999995,-0.25,-0.25,4.88875,4.7681249999999995,1.775,1.65,4.630625,2.406875,4.8812500000000005,4.72375,2.2831249999999996,5.0512500000000005,2.275,2.29875
122,20.128125,20.490625,20.146874999999998,0.05437499999999984,0.05812499999999943,0.056250000000000466,7.84875,6.699375000000001,6.748125,7.6706249999999985,8.77875,7.145625,-0.07500000000000007,0.3062499999999996,-0.25,-0.25,204.8625,205.875,205.48125,208.42499999999998,204.3375,209.49375,0.6187500000000068,0.1687500000000064,0.30000000000000027,203.1375,205.125,203.94375000000002,0.06249999999999867,0.03249999999999975,0.45562500000000006,0.5199999999999999,2.904375,2.13625,-0.2499375,-0.25,4.827500000000001,4.793125,1.755,1.6212500000000003,4.626875,2.405,4.883125000000001,4.721875,2.2825,5.050625,2.275,2.296875
123,20.128125,20.4625,20.168750000000003,0.05437499999999984,0.05812499999999943,0.056250000000000466,7.84875,6.70125,6.749999999999999,7.6706249999999985,8.77875,7.145625,-0.06874999999999937,0.2968749999999992,-0.25,-0.25,203.75625000000002,204.46875,204.54375000000002,207.05624999999998,203.19375,207.97500000000002,-0.8624999999999966,-0.8062500000000028,-0.8624999999999966,201.41250000000002,202.89374999999998,203.21249999999998,0.06249999999999867,0.03249999999999975,0.4568749999999999,0.5212499999999998,2.329375,2.9425,-0.25,-0.25,4.86125,4.758125,1.7575000000000003,1.6343750000000001,4.62625,2.40625,4.885000000000001,4.726249999999999,2.2831249999999996,5.0525,2.276875,2.29875
124,20.128125,20.4625,20.168750000000003,0.05437499999999984,0.05812499999999943,0.056250000000000466,7.84875,6.699375000000001,6.749999999999999,7.6706249999999985,8.780625,7.145625,-0.06250000000000006,0.2906249999999999,-0.25,-0.25,203.9625,204.4875,204.75,207.675,203.81249999999997,208.96875,-0.3562500000000024,-0.2250000000000002,-0.2250000000000002,202.33125,204.91875000000002,204.9,0.06249999999999867,0.03249999999999975,0.4568749999999999,0.52375,2.79,2.1793750000000003,-0.25,-0.25,4.8950000000000005,4.728750000000001,1.7781249999999997,1.6368749999999999,4.629375,2.4043750000000004,4.881875,4.728750000000001,2.2843750000000003,5.051875,2.276875,2.2981249999999998
125,20.128125,20.465625,20.171875,0.052499999999999214,0.05812499999999943,0.056250000000000466,7.84875,6.699375000000001,6.749999999999999,7.6706249999999985,8.77875,7.145625,-0.06874999999999937,0.28749999999999887,-0.25,-0.25,205.74375,206.38125,206.6625,209.71875,205.65,210.3375,0.9937499999999988,1.050000000000001,1.1249999999999927,203.70000000000002,205.76250000000002,204.9375,0.06249999999999867,0.0318750000000001,0.45625000000000027,0.5225000000000002,2.411875,2.9606250000000003,-0.25,-0.25,4.82625,4.8081249999999995,1.75875,1.6425,4.6343749999999995,2.4043750000000004,4.8843749999999995,4.725625,2.28375,5.050625,2.27625,2.29625
126,20.128125,20.4625,20.174999999999997,0.05437499999999984,0.05812499999999943,0.056250000000000466,7.84875,6.70125,6.748125,7.668749999999999,8.780625,7.145625,-0.06562499999999971,0.30000000000000027,-0.25,-0.25,205.63125000000002,205.81875,206.90625,209.49375,204.69375,210.16875,0.7125000000000048,0.8062500000000028,0.8249999999999924,203.53125,204.80625,205.18125,0.06249999999999867,0.0318750000000001,0.45625000000000027,0.521875,2.7593749999999995,2.3099999999999996,-0.25,-0.25,4.8675,4.77125,1.766875,1.6175000000000002,4.6325,2.4043750000000004,4.88375,4.7231250000000005,2.2825,5.0525,2.27875,2.2975000000000003
127,20.128125,20.4625,20.171875,0.05437499999999984,0.05812499999999943,0.056250000000000466,7.84875,6.699375000000001,6.749999999999999,7.668749999999999,8.77875,7.145625,-0.056249999999999356,0.29375000000000095,-0.25,-0.25,205.61249999999998,205.76250000000002,205.74375,209.47500000000002,205.05,209.45624999999998,0.31875000000000653,0.39374999999999827,0.5437499999999984,202.8,205.125,204.24375,0.06249999999999867,0.0318750000000001,0.4568749999999999,0.5231249999999998,2.4625000000000004,2.9774999999999996,-0.25,-0.25,4.829375000000001,4.773125,1.76875,1.6593750000000003,4.630625,2.40375,4.8843749999999995,4.72,2.2831249999999996,5.0512500000000005,2.276875,2.2981249999999998
128,20.128125,20.4625,20.174999999999997,0.052499999999999214,0.05812499999999943,0.056250000000000466,7.84875,6.70125,6.749999999999999,7.668749999999999,8.77875,7.145625,-0.06562499999999971,0.30000000000000027,-0.25,-0.25,204.84375,205.76250000000002,205.29375,208.875,204.35625,209.7,0.374999999999992,0.33749999999999614,0.374999999999992,203.3625,204.60000000000002,204.35625,0.06249999999999867,0.0318750000000001,0.45625000000000027,0.5243750000000003,2.738125,2.0756249999999996,-0.25,-0.25,4.8375,4.76375,1.7631249999999998,1.6418749999999998,4.6362499999999995,2.40375,4.8862499999999995,4.7231250000000005,2.2825,5.0525,2.275625,2.296875
129,20.125,20.465625,20.171875,0.052499999999999214,0.05812499999999943,0.056250000000000466,7.84875,6.699375000000001,6.748125,7.6706249999999985,8.780625,7.145625,-0.06562499999999971,0.30000000000000027,-0.25,-0.25,204.43125,204.675,204.71249999999998,207.15,203.4375,208.0125,-0.7500000000000007,-0.8062500000000028,-0.8250000000000007,201.33749999999998,202.9875,202.9875,0.06249999999999867,0.03249999999999975,0.4568749999999999,0.52375,2.558125,3.345625,-0.25,-0.25,4.893125,4.72125,1.7543750000000002,1.631875,4.638125,2.4043750000000004,4.881875,4.725625,2.2825,5.0531250000000005,2.2775,2.29875
130,20.128125,20.446875,20.171875,0.05437499999999984,0.05812499999999943,0.056250000000000466,7.84875,6.699375000000001,6.749999999999999,7.668749999999999,8.77875,7.160625,-0.056249999999999356,0.2968749999999992,-0.25,-0.25,204.01875,204.4875,204.84375,207.76874999999998,203.3625,208.51875,-0.46874999999999833,-0.24374999999999813,-0.33749999999999614,202.40625,204.80625,204.31875,0.06249999999999867,0.0318750000000001,0.45750000000000013,0.5243750000000003,2.5531250000000005,2.181875,-0.25,-0.25,4.8462499999999995,4.725625,1.768125,1.6056249999999999,4.6343749999999995,2.40375,4.880624999999999,4.724374999999999,2.2831249999999996,5.0512500000000005,2.27625,2.2975000000000003
131,20.13125,20.434375,20.171875,0.05437499999999984,0.05812499999999943,0.056250000000000466,7.84875,6.70125,6.748125,7.6706249999999985,8.77875,7.1625000000000005,-0.0593750000000004,0.3062499999999996,-0.25,-0.25,205.95,206.28750000000002,206.625,209.5125,205.61249999999998,210.31875000000002,1.012500000000005,1.1625000000000052,1.0312499999999947,204.3375,205.48125,205.42499999999998,0.06249999999999867,0.03249999999999975,0.4581249999999998,0.5225000000000002,2.7300000000000004,2.774375,-0.25,-0.25,4.838125,4.766875000000001,1.7618749999999999,1.6393750000000002,4.62875,2.405,4.8843749999999995,4.726249999999999,2.2825,5.05375,2.276875,2.2975000000000003
132,20.13125,20.437499999999996,20.174999999999997,0.05437499999999984,0.05812499999999943,0.056250000000000466,7.850624999999999,6.70125,6.748125,7.668749999999999,8.77875,7.160625,-0.06874999999999937,0.2968749999999992,-0.25,-0.25,205.76250000000002,206.23125000000002,206.75625,209.53125,204.9375,210.28125,0.9937499999999988,0.8062500000000028,0.6749999999999923,203.25,205.50000000000003,204.50625,0.06249999999999867,0.03249999999999975,0.45875,0.521875,2.449375,2.289375,-0.25,-0.25,4.838125,4.750625,1.7593750000000004,1.6475,4.620625,2.4043750000000004,4.882499999999999,4.728750000000001,2.2831249999999996,5.0531250000000005,2.27875,2.2981249999999998
133,20.128125,20.440625,20.174999999999997,0.05437499999999984,0.05812499999999943,0.056250000000000466,7.850624999999999,6.70125,6.749999999999999,7.6706249999999985,8.780625,7.160625,-0.06250000000000006,0.30000000000000027,-0.25,-0.25,205.1625,206.26874999999998,205.85625,209.23125000000002,204.58124999999998,209.75625,0.5625000000000047,0.5249999999999921,0.6374999999999964,202.9125,204.975,204.65624999999997,0.06249999999999867,0.03249999999999975,0.45875,0.5225000000000002,2.79125,2.900625,-0.25,-0.25,4.842499999999999,4.655625,1.760625,1.5999999999999996,4.62125,2.4031249999999997,4.883125000000001,4.724374999999999,2.2825,5.051875,2.2775,2.2981249999999998
134,20.128125,20.437499999999996,20.174999999999997,0.052499999999999214,0.05812499999999943,0.056250000000000466,7.84875,6.70125,6.749999999999999,7.6706249999999985,8.795625000000001,7.1625000000000005,-0.06562499999999971,0.3031250000000013,-0.25,-0.25,204.91875000000002,205.6875,205.36874999999998,208.4625,204.58124999999998,209.68125,0.30000000000000027,0.31875000000000653,0.6937499999999985,203.28750000000002,204.6375,204.3375,0.06249999999999867,0.03249999999999975,0.45750000000000013,0.5231249999999998,2.395,2.361875,-0.25,-0.25,4.834375,4.766875000000001,1.7543750000000002,1.650625,4.628125,2.405,4.8843749999999995,4.72375,2.2825,5.055625,2.2781249999999997,2.2993750000000004
135,20.128125,20.434375,20.174999999999997,0.05437499999999984,0.05812499999999943,0.056250000000000466,7.84875,6.699375000000001,6.749999999999999,7.6706249999999985,8.795625000000001,7.160625,-0.06562499999999971,0.30000000000000027,-0.25,-0.25,204.99375,205.25625,204.58124999999998,207.8625,203.5125,208.14375,-0.6937499999999985,-0.7124999999999965,-0.7874999999999965,201.24375,203.04375000000002,202.875,0.06249999999999867,0.03249999999999975,0.45750000000000013,0.52375,2.835,2.906875,-0.25,-0.25,4.87,4.745625,1.7618749999999999,1.6437499999999998,4.63125,2.4043750000000004,4.882499999999999,4.7231250000000005,2.2825,5.051875,2.2775,2.2993750000000004
136,20.128125,20.431250000000002,20.174999999999997,0.05437499999999984,0.05812499999999943,0.056250000000000466,7.84875,6.699375000000001,6.748125,7.668749999999999,8.795625000000001,7.160625,-0.06250000000000006,0.3062499999999996,-0.25,-0.25,203.86874999999998,204.69375,204.95624999999998,207.39375,203.56875,208.42499999999998,-0.43125000000000246,-0.39374999999999827,-0.43125000000000246,201.9,204.24375,203.98125,0.06249999999999867,0.03249999999999975,0.45750000000000013,0.5231249999999998,2.361875,2.02125,-0.25,-0.25,4.8375,4.71625,1.768125,1.5875,4.63125,2.4031249999999997,4.883125000000001,4.724374999999999,2.28125,5.05,2.274375,2.2975000000000003
137,20.128125,20.437499999999996,20.174999999999997,0.05437499999999984,0.05812499999999943,0.056250000000000466,7.84875,6.70125,6.749999999999999,7.668749999999999,8.79375,7.160625,-0.06562499999999971,0.29375000000000095,-0.25,-0.25,205.9125,206.3625,206.34375000000003,209.7,205.42499999999998,210.78750000000002,1.0312499999999947,1.106250000000003,0.9749999999999925,204.07500000000002,205.51875,205.59375,0.06249999999999867,0.03312499999999996,0.4568749999999999,0.5231249999999998,2.854375,3.1643750000000006,-0.25,-0.25,4.81,4.758750000000001,1.7443750000000002,1.595625,4.63125,2.405,4.882499999999999,4.724374999999999,2.2831249999999996,5.0531250000000005,2.275,2.2993750000000004
138,20.13125,20.440625,20.193749999999998,0.05437499999999984,0.05812499999999943,0.056250000000000466,7.850624999999999,6.70125,6.749999999999999,7.668749999999999,8.79375,7.160625,-0.07500000000000007,0.30000000000000027,-0.25,-0.25,205.40625,206.56875,206.41875000000002,209.28750000000002,205.125,210.35625,0.8812499999999945,0.8062500000000028,0.39374999999999827,202.9875,205.51875,204.8625,0.06249999999999867,0.03249999999999975,0.45625000000000027,0.52375,2.410625,2.4281249999999996,-0.25,-0.25,4.848125,4.770624999999999,1.7512499999999998,1.63375,4.633125,2.4031249999999997,4.88,4.722499999999999,2.2825,5.048125,2.275,2.2993750000000004
139,20.128125,20.437499999999996,20.200000000000003,0.05437499999999984,0.05812499999999943,0.056250000000000466,7.850624999999999,6.70125,6.749999999999999,7.6706249999999985,8.795625000000001,7.160625,-0.06874999999999937,0.30000000000000027,-0.25,-0.25,205.14375,206.00625,206.1375,209.34374999999997,204.50625,209.325,0.41250000000000453,0.7500000000000007,0.5437499999999984,202.8375,204.39374999999998,204.225,0.06249999999999867,0.03312499999999996,0.4568749999999999,0.52375,2.7468749999999997,2.6837500000000003,-0.25,-0.2500625,4.798125,4.770624999999999,1.74875,1.6543750000000002,4.636875,2.40375,4.88375,4.725625,2.28125,5.04875,2.275625,2.2981249999999998
140,20.128125,20.437499999999996,20.200000000000003,0.05437499999999984,0.05812499999999943,0.05812499999999943,7.84875,6.699375000000001,6.749999999999999,7.6706249999999985,8.795625000000001,7.1587499999999995,-0.0593750000000004,0.3062499999999996,-0.25,-0.25,205.33125,205.74375,205.8375,208.42499999999998,204.99375,209.55,0.7312499999999944,0.30000000000000027,0.48749999999999627,202.89374999999998,204.4125,204.31875,0.06249999999999867,0.03312499999999996,0.4568749999999999,0.5231249999999998,2.5725,2.3525,-0.25,-0.25,4.824375,4.800624999999999,1.756875,1.6593750000000003,4.633125,2.405625,4.88375,4.7281249999999995,2.28125,5.051875,2.2775,2.2981249999999998
141,20.128125,20.437499999999996,20.200000000000003,0.05437499999999984,0.05812499999999943,0.05812499999999943,7.84875,6.70125,6.749999999999999,7.6706249999999985,8.795625000000001,7.160625,-0.07187500000000041,0.3062499999999996,-0.25,-0.25,204.76874999999998,205.8375,205.48125,208.4625,203.71875,208.1625,-0.6562500000000027,-0.6374999999999964,-0.6937499999999985,200.90625,203.19375,202.55625,0.06249999999999867,0.03312499999999996,0.45625000000000027,0.5231249999999998,2.6125,2.753125,-0.25,-0.25,4.864375,4.755000000000001,1.77,1.6562500000000002,4.624375,2.405625,4.881875,4.724374999999999,2.280625,5.0475,2.276875,2.2975000000000003
142,20.128125,20.437499999999996,20.196875,0.052499999999999214,0.05812499999999943,0.056250000000000466,7.84875,6.699375000000001,6.749999999999999,7.668749999999999,8.795625000000001,7.160625,-0.07187500000000041,0.2968749999999992,-0.25,-0.25,203.6625,204.5625,204.80625,207.24375,202.875,208.49999999999997,-0.46874999999999833,-0.6374999999999964,-0.5624999999999963,202.25625000000002,203.34375,204.11249999999998,0.06249999999999867,0.03375000000000017,0.45625000000000027,0.5225000000000002,2.63375,2.43875,-0.25,-0.25,4.851875,4.770624999999999,1.7612499999999998,1.59375,4.621874999999999,2.405625,4.8843749999999995,4.722499999999999,2.2781249999999997,5.050625,2.2781249999999997,2.29625
143,20.128125,20.437499999999996,20.193749999999998,0.052499999999999214,0.05812499999999943,0.056250000000000466,7.850624999999999,6.70125,6.748125,7.668749999999999,8.795625000000001,7.160625,-0.06250000000000006,0.30000000000000027,-0.25,-0.25,205.78125,206.0625,206.64375,209.75625,205.6875,210.78750000000002,1.0312499999999947,1.1249999999999927,1.0874999999999968,204.0375,205.93125,205.23749999999998,0.06249999999999867,0.03375000000000017,0.45562500000000006,0.5206250000000001,2.5112500000000004,2.8231249999999997,-0.25,-0.25,4.8687499999999995,4.79375,1.7556250000000002,1.65,4.620625,2.408125,4.883125000000001,4.724374999999999,2.28,5.051875,2.2775,2.2975000000000003
144,20.128125,20.437499999999996,20.196875,0.05437499999999984,0.05812499999999943,0.05812499999999943,7.84875,6.70125,6.749999999999999,7.668749999999999,8.79375,7.160625,-0.07500000000000007,0.2968749999999992,-0.25,-0.25,205.70625,206.325,206.11875,209.26874999999998,205.29375,209.98125,1.012500000000005,0.8625000000000049,0.6749999999999923,203.5875,205.275,204.84375,0.06249999999999867,0.03312499999999996,0.45499999999999985,0.5199999999999999,2.7375000000000007,2.194375,-0.25,-0.25,4.848125,4.730625000000001,1.7625000000000002,1.6218749999999997,4.625,2.4075,4.883125000000001,4.722499999999999,2.27875,5.04875,2.27625,2.2981249999999998
145,20.128125,20.428125,20.200000000000003,0.05437499999999984,0.06000000000000005,0.056250000000000466,7.84875,6.699375000000001,6.749999999999999,7.6706249999999985,8.79375,7.160625,-0.06874999999999937,0.29375000000000095,-0.25,-0.25,205.33125,206.00625,206.7,208.81875000000002,204.78750000000002,209.47500000000002,0.7125000000000048,0.7312499999999944,0.6187500000000068,203.19375,204.50625,205.33125,0.06249999999999867,0.03312499999999996,0.45499999999999985,0.5193750000000003,2.396875,2.9812499999999997,-0.25,-0.25,4.836875000000001,4.726249999999999,1.748125,1.6099999999999999,4.630625,2.40875,4.883125000000001,4.724374999999999,2.279375,5.0525,2.276875,2.2981249999999998
146,20.128125,20.4125,20.200000000000003,0.05437499999999984,0.05812499999999943,0.056250000000000466,7.850624999999999,6.70125,6.748125,7.668749999999999,8.795625000000001,7.160625,-0.056249999999999356,0.3031250000000013,-0.25,-0.25,205.42499999999998,205.57500000000002,205.65,208.79999999999998,205.29375,209.26874999999998,0.39374999999999827,0.41250000000000453,0.7687500000000069,202.95,204.45,204.39374999999998,0.06249999999999867,0.03375000000000017,0.45499999999999985,0.5206250000000001,2.8981250000000003,2.6575000000000006,-0.25,-0.25,4.829375000000001,4.699375,1.7562499999999996,1.6199999999999997,4.6274999999999995,2.408125,4.88,4.7250000000000005,2.280625,5.051875,2.275625,2.2981249999999998
147,20.128125,20.4125,20.200000000000003,0.05437499999999984,0.05812499999999943,0.056250000000000466,7.84875,6.70125,6.748125,7.668749999999999,8.795625000000001,7.1625000000000005,-0.06874999999999937,0.30000000000000027,-0.25,-0.25,204.76874999999998,205.42499999999998,205.725,208.93125,204.09375,208.36874999999998,-0.43125000000000246,-0.5437499999999984,-0.6750000000000006,201.1875,203.10000000000002,202.44375000000002,0.06249999999999867,0.03375000000000017,0.4543750000000002,0.521875,2.33625,2.6049999999999995,-0.25,-0.25,4.8950000000000005,4.81375,1.765625,1.64875,4.62875,2.406875,4.880624999999999,4.726875000000001,2.279375,5.050625,2.275,2.2993750000000004
148,20.125,20.4125,20.196875,0.052499999999999214,0.05812499999999943,0.056250000000000466,7.84875,6.699375000000001,6.748125,7.668749999999999,8.795625000000001,7.160625,-0.07187500000000041,0.3031250000000013,-0.25,-0.25,203.49375,204.07500000000002,204.52499999999998,207.1875,203.25,208.48125,-0.5250000000000005,-0.9562500000000029,-0.4500000000000004,202.31249999999997,203.55,203.83125,0.06249999999999867,0.03375000000000017,0.45562500000000006,0.5212499999999998,2.8574999999999995,2.5393750000000006,-0.25,-0.25,4.829375000000001,4.724374999999999,1.7581249999999997,1.631875,4.6343749999999995,2.4075,4.881875,4.7281249999999995,2.28,5.05375,2.2775,2.300625
149,20.128125,20.409375,20.200000000000003,0.05437499999999984,0.05812499999999943,0.056250000000000466,7.84875,6.699375000000001,6.748125,7.668749999999999,8.795625000000001,7.160625,-0.0531249999999997,0.29375000000000095,-0.25,-0.25,205.3125,206.02499999999998,206.6625,209.79375,205.725,210.6375,1.012500000000005,1.0874999999999968,1.0312499999999947,203.60625,206.11875,205.51875,0.06249999999999867,0.03375000000000017,0.45625000000000027,0.5193750000000003,2.429375,2.694375,-0.25,-0.25,4.844374999999999,4.738125,1.751875,1.63,4.635625,2.4075,4.880624999999999,4.72125,2.281875,5.0525,2.2781249999999997,2.300625
150,20.13125,20.409375,20.196875,0.05437499999999984,0.05812499999999943,0.056250000000000466,7.84875,6.70125,6.749999999999999,7.6706249999999985,8.795625000000001,7.160625,-0.06250000000000006,0.30000000000000027,-0.25,-0.25,206.10000000000002,206.41875000000002,206.41875000000002,209.49375,205.10625,210.18750000000003,0.8249999999999924,0.7874999999999965,0.6937499999999985,204.11249999999998,205.1625,204.39374999999998,0.06249999999999867,0.03375000000000017,0.45499999999999985,0.5199999999999999,2.670625,2.5893750000000004,-0.25,-0.25,4.858124999999999,4.729375,1.7612499999999998,1.6249999999999998,4.63125,2.40625,4.883125000000001,4.719375,2.27875,5.0525,2.2775,2.2981249999999998
151,20.13125,20.409375,20.200000000000003,0.05437499999999984,0.05812499999999943,0.056250000000000466,7.84875,6.699375000000001,6.749999999999999,7.6706249999999985,8.795625000000001,7.160625,-0.06874999999999937,0.2968749999999992,-0.25,-0.25,205.51875,205.55624999999998,206.5125,208.95,204.54375000000002,209.94375,0.8062500000000028,0.7500000000000007,0.33749999999999614,202.74375,204.69375,204.52499999999998,0.06249999999999867,0.03375000000000017,0.45499999999999985,0.5193750000000003,2.518125,2.7318750000000005,-0.25,-0.25,4.84375,4.7575,1.7593750000000004,1.61875,4.625,2.408125,4.885000000000001,4.72375,2.279375,5.054375,2.2775,2.29875
152,20.128125,20.4125,20.196875,0.05437499999999984,0.05812499999999943,0.056250000000000466,7.846875000000001,6.70125,6.749999999999999,7.6706249999999985,8.795625000000001,7.160625,-0.06250000000000006,0.3093750000000006,-0.25,-0.25,205.5375,205.66875,205.85625,209.30625,204.88125,209.4375,0.31875000000000653,0.41250000000000453,0.6374999999999964,202.725,205.29375,204.16875,0.06249999999999867,0.03375000000000017,0.45625000000000027,0.5181249999999998,2.6893750000000005,2.33875,-0.25,-0.25,4.863125,4.74375,1.775,1.5975000000000001,4.620625,2.406875,4.881875,4.7231250000000005,2.28,5.0512500000000005,2.27625,2.2993750000000004
153,20.128125,20.4125,20.221875,0.052499999999999214,0.05812499999999943,0.056250000000000466,7.84875,6.699375000000001,6.749999999999999,7.668749999999999,8.79375,7.1625000000000005,-0.056249999999999356,0.3062499999999996,-0.25,-0.25,204.60000000000002,205.35,205.18125,207.5625,203.4375,207.8625,-0.6562500000000027,-0.7500000000000007,-0.9374999999999967,201.41250000000002,202.6875,203.19375,0.06249999999999867,0.03375000000000017,0.4568749999999999,0.5181249999999998,2.4956250000000004,2.74875,-0.25,-0.25,4.854374999999999,4.775,1.7743750000000003,1.6068749999999998,4.625,2.40625,4.883125000000001,4.72375,2.279375,5.0531250000000005,2.2775,2.2981249999999998
154,20.128125,20.409375,20.224999999999998,0.05437499999999984,0.05812499999999943,0.056250000000000466,7.84875,6.70125,6.748125,7.668749999999999,8.79375,7.160625,-0.07187500000000041,0.3031250000000013,-0.25,-0.25,203.53125,204.3375,204.35625,207.29999999999998,203.60625,208.95,-0.5062500000000025,-0.48749999999999627,-0.46874999999999833,202.20000000000002,204.13125000000002,203.9625,0.06249999999999867,0.03375000000000017,0.45750000000000013,0.5175000000000002,2.561875,2.9456249999999997,-0.25,-0.25,4.853125,4.751250000000001,1.760625,1.6425,4.630625,2.406875,4.883125000000001,4.7275,2.28125,5.05375,2.27875,2.2981249999999998
155,20.128125,20.406249999999996,20.224999999999998,0.05437499999999984,0.05812499999999943,0.056250000000000466,7.84875,6.699375000000001,6.749999999999999,7.6706249999999985,8.795625000000001,7.160625,-0.06874999999999937,0.30000000000000027,-0.25,-0.25,206.0625,206.86874999999998,207.225,210.05624999999998,205.74375,210.6,1.106250000000003,1.0687500000000072,0.8625000000000049,204.00000000000003,205.76250000000002,205.10625,0.06249999999999867,0.03375000000000017,0.45750000000000013,0.5175000000000002,2.755,2.405,-0.25,-0.25,4.84,4.78125,1.7475,1.6162500000000002,4.63125,2.4075,4.88375,4.725625,2.280625,5.051875,2.2781249999999997,2.2993750000000004
156,20.128125,20.4125,20.224999999999998,0.05437499999999984,0.05812499999999943,0.056250000000000466,7.850624999999999,6.699375000000001,6.749999999999999,7.6706249999999985,8.795625000000001,7.160625,-0.0593750000000004,0.3062499999999996,-0.25,-0.25,204.3,204.58124999999998,204.46875,207.84375000000003,203.41875000000002,208.40625,-0.28125000000000233,-0.2250000000000002,0.01875000000000626,202.96875,204.675,204.84375,0.06249999999999867,0.03375000000000017,0.4568749999999999,0.5175000000000002,2.330625,2.6193750000000007,-0.25,-0.25,4.835000000000001,4.781874999999999,1.756875,1.6368749999999999,4.63125,2.406875,4.885625,4.7250000000000005,2.27875,5.054375,2.279375,2.2981249999999998
157,20.128125,20.415625,20.246874999999996,0.05437499999999984,0.05812499999999943,0.056250000000000466,7.84875,6.688125,6.749999999999999,7.6706249999999985,8.795625000000001,7.160625,-0.07500000000000007,0.3031250000000013,-0.25,-0.25,205.65,206.26874999999998,206.5125,209.7375,205.89375,210.675,1.012500000000005,0.9749999999999925,1.012500000000005,203.92499999999998,205.57500000000002,205.29375,0.06249999999999867,0.03375000000000017,0.4568749999999999,0.51875,2.9400000000000004,2.5712500000000005,-0.25,-0.25,4.831875,4.79,1.75,1.6375000000000002,4.6325,2.408125,4.8843749999999995,4.722499999999999,2.279375,5.05375,2.2775,2.3
158,20.128125,20.415625,20.25,0.05437499999999984,0.05812499999999943,0.05812499999999943,7.84875,6.684375000000001,6.749999999999999,7.668749999999999,8.795625000000001,7.160625,-0.06874999999999937,0.30000000000000027,-0.25,-0.25,205.89375,205.81875,206.56875,209.5875,204.95624999999998,209.47500000000002,0.6562500000000027,1.0312499999999947,0.6749999999999923,202.78125,204.99375,204.78750000000002,0.06249999999999867,0.03375000000000017,0.4568749999999999,0.5181249999999998,2.36875,2.6612499999999994,-0.25,-0.25,4.868125,4.7875,1.7537500000000001,1.6231250000000004,4.6362499999999995,2.405625,4.885000000000001,4.720625,2.28,5.051875,2.27625,2.3
159,20.128125,20.4125,20.253125,0.052499999999999214,0.06000000000000005,0.056250000000000466,7.84875,6.686249999999999,6.748125,7.668749999999999,8.79375,7.160625,-0.06250000000000006,0.3093750000000006,-0.25,-0.25,205.275,205.57500000000002,205.6875,208.70625,205.25625,209.75625,0.33749999999999614,0.4500000000000004,0.6937499999999985,203.49375,204.73125000000002,204.61875,0.06249999999999867,0.03375000000000017,0.4568749999999999,0.5175000000000002,2.7593749999999995,2.58375,-0.25,-0.25,4.899375,4.7475000000000005,1.7775000000000003,1.6149999999999998,4.64,2.405625,4.888125,4.725625,2.279375,5.05375,2.2775,2.3
160,20.128125,20.409375,20.25,0.052499999999999214,0.06000000000000005,0.056250000000000466,7.850624999999999,6.686249999999999,6.748125,7.668749999999999,8.79375,7.147500000000001,-0.06874999999999937,0.3031250000000013,-0.25,-0.25,204.6375,205.61249999999998,205.70625,208.725,204.71249999999998,210.28125,0.46875000000000666,0.2625000000000044,0.33749999999999614,202.74375,205.35,203.775,0.06249999999999867,0.03375000000000017,0.45750000000000013,0.5175000000000002,2.485,2.6631249999999995,-0.25,-0.25,4.8012500000000005,4.778124999999999,1.7493750000000001,1.6193750000000002,4.6343749999999995,2.40625,4.886875000000001,4.7250000000000005,2.280625,5.0531250000000005,2.276875,2.300625
161,20.153125,20.409375,20.246874999999996,0.05437499999999984,0.05812499999999943,0.056250000000000466,7.84875,6.684375000000001,6.749999999999999,7.668749999999999,8.795625000000001,7.145625,-0.06250000000000006,0.30000000000000027,-0.25,-0.25,204.09375,204.52499999999998,204.4875,207.0375,203.3625,208.05,-0.7500000000000007,-0.8812500000000029,-1.143749999999999,201.69375,203.19375,202.96875,0.06249999999999867,0.03437499999999982,0.4568749999999999,0.516875,2.810625,2.4925,-0.25,-0.25,4.844374999999999,4.776875,1.7593750000000004,1.650625,4.63,2.4043750000000004,4.886875000000001,4.7250000000000005,2.280625,5.0525,2.27625,2.2993750000000004
162,20.153125,20.4125,20.246874999999996,0.05437499999999984,0.05812499999999943,0.056250000000000466,7.850624999999999,6.686249999999999,6.749999999999999,7.6706249999999985,8.795625000000001,7.145625,-0.06562499999999971,0.2968749999999992,-0.25,-0.25,204.15,204.43125,204.84375,207.825,203.81249999999997,208.65,-0.28125000000000233,-0.187499999999996,-0.07500000000000007,202.66875,204.225,204.69375,0.06249999999999867,0.03437499999999982,0.4568749999999999,0.5175000000000002,2.36625,3.1693749999999996,-0.25,-0.25,4.85875,4.77375,1.7625000000000002,1.6412500000000003,4.629375,2.406875,4.889375,4.7299999999999995,2.280625,5.055625,2.2781249999999997,2.2993750000000004
163,20.153125,20.4125,20.25,0.05437499999999984,0.05812499999999943,0.056250000000000466,7.84875,6.686249999999999,6.748125,7.6706249999999985,8.795625000000001,7.145625,-0.07187500000000041,0.3062499999999996,-0.25,-0.25,205.76250000000002,206.04375000000002,206.53125,210.13125000000002,206.00625,210.78750000000002,1.0874999999999968,1.1812499999999948,1.143749999999999,204.00000000000003,205.59375,205.36874999999998,0.06249999999999867,0.03437499999999982,0.45625000000000027,0.5181249999999998,2.7831249999999996,2.32125,-0.25,-0.25,4.82875,4.83,1.765625,1.6331250000000002,4.63,2.406875,4.886875000000001,4.7275,2.28125,5.0512500000000005,2.2781249999999997,2.300625
164,20.156249999999996,20.4125,20.26875,0.052499999999999214,0.05812499999999943,0.056250000000000466,7.84875,6.684375000000001,6.748125,7.668749999999999,8.795625000000001,7.145625,-0.07812499999999972,0.2968749999999992,-0.25,-0.25,205.89375,206.34375000000003,206.73749999999998,209.83125,205.44375000000002,209.7,1.050000000000001,0.7687500000000069,0.8437499999999987,203.25,205.06875,205.36874999999998,0.06249999999999867,0.03375000000000017,0.45625000000000027,0.5175000000000002,2.5506249999999997,2.7456250000000004,-0.25,-0.25,4.79875,4.741875,1.7525000000000002,1.6131250000000001,4.635,2.405,4.888125,4.7231250000000005,2.280625,5.0525,2.2775,2.2981249999999998
165,20.156249999999996,20.409375,20.278125000000003,0.05437499999999984,0.05812499999999943,0.056250000000000466,7.850624999999999,6.686249999999999,6.748125,7.668749999999999,8.79375,7.145625,-0.056249999999999356,0.3062499999999996,-0.25,-0.25,205.50000000000003,205.93125,205.38750000000002,208.96875,205.0125,210.0,0.5062500000000025,0.5062500000000025,0.6749999999999923,202.66875,205.0125,204.5625,0.06249999999999867,0.03375000000000017,0.4568749999999999,0.5162499999999998,2.51,2.5062499999999996,-0.25,-0.25,4.876875,4.748125,1.77,1.645625,4.6375,2.405,4.8875,4.721875,2.2825,5.051875,2.2775,2.29875
166,20.153125,20.4125,20.275,0.052499999999999214,0.05812499999999943,0.056250000000000466,7.850624999999999,6.684375000000001,6.748125,7.668749999999999,8.79375,7.145625,-0.06874999999999937,0.3093750000000006,-0.25,-0.25,205.125,205.875,205.57500000000002,209.39999999999998,205.29375,209.56875,0.5625000000000047,0.41250000000000453,0.24374999999999813,202.8375,204.91875000000002,203.9625,0.06249999999999867,0.03437499999999982,0.4568749999999999,0.5175000000000002,2.8225,2.8993749999999996,-0.25,-0.25,4.805000000000001,4.7787500000000005,1.7562499999999996,1.629375,4.635625,2.405625,4.885000000000001,4.72125,2.281875,5.048125,2.27625,2.2993750000000004
167,20.153125,20.4125,20.278125000000003,0.052499999999999214,0.05812499999999943,0.056250000000000466,7.850624999999999,6.684375000000001,6.749999999999999,7.6706249999999985,8.795625000000001,7.145625,-0.07500000000000007,0.2968749999999992,-0.25,-0.25,204.50625,205.51875,206.19375,208.40625,203.64375,208.5375,-0.4500000000000004,-0.7312500000000027,-0.7687499999999986,201.50625,202.74375,202.70625,0.06249999999999867,0.03375000000000017,0.45625000000000027,0.51875,2.3975,2.41,-0.25,-0.2499375,4.863125,4.765625,1.765,1.6075,4.640625,2.405,4.89,4.7250000000000005,2.2825,5.0512500000000005,2.27625,2.29875
168,20.153125,20.409375,20.275,0.05437499999999984,0.05812499999999943,0.056250000000000466,7.84875,6.684375000000001,6.749999999999999,7.6706249999999985,8.780625,7.145625,-0.06562499999999971,0.2968749999999992,-0.25,-0.25,203.625,204.35625,204.73125000000002,207.65625,203.775,208.875,-0.4500000000000004,-0.4124999999999962,-0.43125000000000246,201.75,203.90625,203.94375000000002,0.06249999999999867,0.03375000000000017,0.45625000000000027,0.51875,2.7349999999999994,2.9425,-0.25,-0.25,4.889375,4.719375,1.7781249999999997,1.6237499999999998,4.645625,2.406875,4.889375,4.725625,2.2831249999999996,5.0531250000000005,2.276875,2.29875
169,20.156249999999996,20.409375,20.275,0.05437499999999984,0.05812499999999943,0.056250000000000466,7.84875,6.684375000000001,6.749999999999999,7.6706249999999985,8.77875,7.145625,-0.0593750000000004,0.3031250000000013,-0.25,-0.25,205.48125,206.02499999999998,206.26874999999998,210.05624999999998,205.89375,210.89999999999998,0.9000000000000008,1.0312499999999947,0.9187500000000071,204.07500000000002,206.10000000000002,205.50000000000003,0.06249999999999867,0.03375000000000017,0.45625000000000027,0.51875,2.4681249999999997,2.300625,-0.25,-0.25,4.82625,4.748125,1.756875,1.6181250000000003,4.641875,2.40625,4.886875000000001,4.724374999999999,2.2831249999999996,5.0525,2.27625,2.2975000000000003
170,20.156249999999996,20.4125,20.278125000000003,0.05437499999999984,0.05812499999999943,0.056250000000000466,7.850624999999999,6.684375000000001,6.748125,7.668749999999999,8.77875,7.145625,-0.07187500000000041,0.2968749999999992,-0.25,-0.25,205.5375,206.39999999999998,206.8125,209.5125,205.42499999999998,210.09375,0.5625000000000047,0.9000000000000008,0.7687500000000069,203.53125,205.275,205.48125,0.06249999999999867,0.03375000000000017,0.45625000000000027,0.5199999999999999,2.7625,3.2556249999999998,-0.25,-0.25,4.805000000000001,4.74,1.7537500000000001,1.620625,4.6362499999999995,2.405625,4.889375,4.7281249999999995,2.2831249999999996,5.055625,2.2781249999999997,2.2956250000000002
171,20.153125,20.4125,20.275,0.05437499999999984,0.05812499999999943,0.056250000000000466,7.850624999999999,6.684375000000001,6.748125,7.668749999999999,8.780625,7.15125,-0.06562499999999971,0.2968749999999992,-0.25,-0.25,205.38750000000002,205.96875,206.0625,209.41875000000002,204.9375,210.15,0.4500000000000004,0.5062500000000025,0.6000000000000005,203.02499999999998,204.88125,204.45,0.06249999999999867,0.03375000000000017,0.45625000000000027,0.5199999999999999,2.355,2.25375,-0.25,-0.25,4.8925,4.744375,1.775,1.65125,4.629375,2.406875,4.8875,4.726249999999999,2.2831249999999996,5.0525,2.2775,2.296875
172,20.153125,20.437499999999996,20.3,0.052499999999999214,0.06000000000000005,0.056250000000000466,7.84875,6.686249999999999,6.748125,7.6706249999999985,8.77875,7.160625,-0.06250000000000006,0.3031250000000013,-0.25,-0.25,205.29375,205.59375,205.63125000000002,209.21249999999998,205.06875,210.0375,0.46875000000000666,0.41250000000000453,0.31875000000000653,202.9125,204.73125000000002,204.52499999999998,0.06249999999999867,0.03375000000000017,0.45625000000000027,0.5199999999999999,2.9400000000000004,2.8043750000000003,-0.25,-0.25,4.831875,4.849375,1.7525000000000002,1.6075,4.62625,2.405,4.8862499999999995,4.721875,2.28125,5.0512500000000005,2.27625,2.295
173,20.153125,20.437499999999996,20.303125,0.05437499999999984,0.05812499999999943,0.056250000000000466,7.84875,6.686249999999999,6.748125,7.6706249999999985,8.780625,7.160625,-0.07187500000000041,0.30000000000000027,-0.25,-0.25,204.76874999999998,205.76250000000002,206.02499999999998,208.4625,204.88125,209.26874999999998,-0.15000000000000013,-0.5250000000000005,-0.7500000000000007,201.33749999999998,202.70625,202.93125,0.06249999999999867,0.03375000000000017,0.45562500000000006,0.5212499999999998,2.32875,2.3793750000000005,-0.25,-0.25,4.855,4.758125,1.7525000000000002,1.651875,4.6325,2.405625,4.88875,4.72375,2.2825,5.054375,2.276875,2.294375
174,20.153125,20.434375,20.303125,0.052499999999999214,0.05812499999999943,0.056250000000000466,7.84875,6.684375000000001,6.749999999999999,7.6706249999999985,8.780625,7.160625,-0.06250000000000006,0.3062499999999996,-0.25,-0.25,203.625,204.225,204.675,207.43125,203.68124999999998,208.875,-0.5624999999999963,-0.43125000000000246,-0.5250000000000005,201.61875,204.13125000000002,203.45625,0.06875000000000075,0.03437499999999982,0.45562500000000006,0.5206250000000001,2.7893749999999997,3.0531249999999996,-0.25,-0.25,4.83,4.775,1.7643750000000002,1.635625,4.6362499999999995,2.405625,4.886875000000001,4.72375,2.2843750000000003,5.054375,2.275625,2.296875
175,20.156249999999996,20.437499999999996,20.303125,0.052499999999999214,0.05812499999999943,0.056250000000000466,7.84875,6.684375000000001,6.748125,7.6706249999999985,8.77875,7.160625,-0.06250000000000006,0.3031250000000013,-0.25,-0.25,205.1625,205.74375,206.0625,209.7,205.44375000000002,210.15,0.9374999999999967,1.0312499999999947,1.0312499999999947,204.15,205.725,205.50000000000003,0.06249999999999867,0.03375000000000017,0.45625000000000027,0.521875,2.5456250000000002,2.2475,-0.2499375,-0.25,4.8475,4.734375,1.75875,1.6256249999999999,4.6362499999999995,2.405,4.888125,4.72375,2.2825,5.0531250000000005,2.275625,2.29625
176,20.178125,20.440625,20.3,0.052499999999999214,0.05812499999999943,0.056250000000000466,7.850624999999999,6.6975,6.748125,7.668749999999999,8.77875,7.160625,-0.06562499999999971,0.30000000000000027,-0.25,-0.25,205.275,206.5125,206.64375,209.45624999999998,205.1625,210.39375,0.7874999999999965,0.9000000000000008,0.6374999999999964,203.6625,205.48125,205.0125,0.06249999999999867,0.03375000000000017,0.45625000000000027,0.5212499999999998,2.51875,3.1243750000000006,-0.25,-0.25,4.83625,4.7825,1.755,1.6393750000000002,4.635,2.405625,4.889375,4.72375,2.2843750000000003,5.0531250000000005,2.276875,2.295
177,20.178125,20.440625,20.303125,0.05437499999999984,0.05812499999999943,0.056250000000000466,7.84875,6.699375000000001,6.749999999999999,7.6706249999999985,8.77875,7.160625,-0.06874999999999937,0.3062499999999996,-0.25,-0.25,205.4625,205.85625,206.04375000000002,209.6625,205.21875,209.60625000000002,0.6374999999999964,0.6374999999999964,0.5249999999999921,202.63125,205.0125,204.225,0.06249999999999867,0.03375000000000017,0.4543750000000002,0.5225000000000002,2.7325,2.16,-0.25,-0.25,4.851875,4.749375000000001,1.7737500000000002,1.6249999999999998,4.635625,2.40625,4.8862499999999995,4.724374999999999,2.28375,5.0512500000000005,2.2775,2.29625
178,20.178125,20.437499999999996,20.303125,0.05437499999999984,0.05812499999999943,0.056250000000000466,7.84875,6.70125,6.749999999999999,7.6706249999999985,8.77875,7.160625,-0.06250000000000006,0.3062499999999996,-0.25,-0.25,205.33125,205.725,205.63125000000002,208.9125,205.18125,209.56875,0.3562500000000024,0.31875000000000653,0.6749999999999923,203.5125,204.2625,204.4125,0.06249999999999867,0.03375000000000017,0.45625000000000027,0.5231249999999998,2.52625,3.3199999999999994,-0.25,-0.25,4.8306249999999995,4.793125,1.748125,1.6443750000000001,4.64,2.405,4.8875,4.7281249999999995,2.2825,5.0525,2.2781249999999997,2.295
179,20.181250000000002,20.437499999999996,20.303125,0.05437499999999984,0.05812499999999943,0.056250000000000466,7.84875,6.70125,6.749999999999999,7.668749999999999,8.77875,7.160625,-0.06562499999999971,0.30000000000000027,-0.25,-0.25,205.0875,205.0875,205.725,208.63125000000002,204.50625,209.8125,0.281249999999994,-0.15000000000000013,-0.5250000000000005,201.58124999999998,202.875,203.02499999999998,0.06249999999999867,0.03375000000000017,0.45750000000000013,0.5225000000000002,2.6512500000000006,2.2443750000000002,-0.2499375,-0.25,4.849375,4.765625,1.7525000000000002,1.61875,4.640625,2.40625,4.890625,4.726249999999999,2.2831249999999996,5.054375,2.279375,2.2956250000000002
180,20.178125,20.437499999999996,20.3,0.052499999999999214,0.05812499999999943,0.056250000000000466,7.84875,6.699375000000001,6.7631250000000005,7.668749999999999,8.780625,7.160625,-0.0593750000000004,0.3031250000000013,-0.25,-0.25,203.5125,204.4125,204.6375,207.35625,203.4,208.61249999999998,-0.6187499999999985,-0.7687499999999986,-0.5812500000000026,201.8625,203.94375000000002,203.3625,0.06249999999999867,0.03375000000000017,0.45562500000000006,0.5231249999999998,2.4825000000000004,2.8093749999999993,-0.25,-0.25,4.8412500000000005,4.751875,1.7737500000000002,1.6225,4.63125,2.405625,4.885625,4.721875,2.281875,5.055,2.2781249999999997,2.2956250000000002
181,20.181250000000002,20.437499999999996,20.3,0.05437499999999984,0.05812499999999943,0.056250000000000466,7.84875,6.699375000000001,6.7631250000000005,7.668749999999999,8.77875,7.160625,-0.06562499999999971,0.3031250000000013,-0.25,-0.25,204.825,204.91875000000002,206.04375000000002,209.21249999999998,205.20000000000002,210.0375,0.8437499999999987,0.9749999999999925,0.9562500000000029,204.31875,205.40625,206.00625,0.06249999999999867,0.03375000000000017,0.45625000000000027,0.5225000000000002,2.79125,2.2468749999999997,-0.25,-0.25,4.8225,4.79875,1.7493750000000001,1.629375,4.62625,2.4043750000000004,4.886875000000001,4.724374999999999,2.28,5.0575,2.2781249999999997,2.293125
182,20.178125,20.437499999999996,20.303125,0.05437499999999984,0.05812499999999943,0.05812499999999943,7.850624999999999,6.699375000000001,6.765,7.668749999999999,8.77875,7.160625,-0.07187500000000041,0.3062499999999996,-0.25,-0.25,205.93125,206.41875000000002,206.55,209.60625000000002,205.1625,210.07500000000002,1.0687500000000072,0.9187500000000071,0.5249999999999921,203.325,205.78125,204.675,0.06249999999999867,0.03375000000000017,0.4568749999999999,0.521875,2.3099999999999996,3.1075,-0.25,-0.25,4.838750000000001,4.774374999999999,1.7543750000000002,1.6437499999999998,4.624375,2.405,4.886875000000001,4.72375,2.281875,5.055,2.2781249999999997,2.293125
183,20.181250000000002,20.421875,20.30625,0.052499999999999214,0.05812499999999943,0.056250000000000466,7.84875,6.70125,6.765,7.6706249999999985,8.77875,7.160625,-0.07187500000000041,0.3031250000000013,-0.25,-0.25,205.21875,205.96875,206.53125,209.60625000000002,205.29375,209.64374999999998,0.8062500000000028,0.6749999999999923,0.5249999999999921,203.38125,204.88125,204.78750000000002,0.06249999999999867,0.03312499999999996,0.45625000000000027,0.5225000000000002,2.9774999999999996,2.115,-0.25,-0.25,4.8012500000000005,4.778124999999999,1.750625,1.63375,4.62625,2.4043750000000004,4.8862499999999995,4.7231250000000005,2.28125,5.055,2.27625,2.293125
184,20.181250000000002,20.4125,20.30625,0.052499999999999214,0.05812499999999943,0.056250000000000466,7.84875,6.699375000000001,6.766875,7.6706249999999985,8.780625,7.160625,-0.0593750000000004,0.3031250000000013,-0.25,-0.25,205.36874999999998,205.5375,205.59375,208.63125000000002,204.80625,209.15625,0.48749999999999627,0.46875000000000666,0.48749999999999627,202.70625,204.65624999999997,204.88125,0.06249999999999867,0.03312499999999996,0.45625000000000027,0.521875,2.360625,3.149375,-0.25,-0.2500625,4.829375000000001,4.794375,1.748125,1.640625,4.6325,2.405,4.89,4.725625,2.281875,5.055625,2.276875,2.291875
185,20.181250000000002,20.409375,20.303125,0.052499999999999214,0.05812499999999943,0.056250000000000466,7.84875,6.70125,6.765,7.6706249999999985,8.780625,7.1625000000000005,-0.06562499999999971,0.3031250000000013,-0.25,-0.25,204.78750000000002,205.61249999999998,205.42499999999998,207.95624999999998,203.55,208.44375000000002,-0.5062500000000025,-0.6562500000000027,-0.7500000000000007,201.13125,203.00625,202.61249999999998,0.06249999999999867,0.03312499999999996,0.45625000000000027,0.5231249999999998,2.72,2.09125,-0.25,-0.2500625,4.86375,4.7524999999999995,1.7543750000000002,1.5856249999999998,4.6325,2.405625,4.888125,4.726875000000001,2.2843750000000003,5.051875,2.275625,2.294375
186,20.178125,20.409375,20.303125,0.052499999999999214,0.05812499999999943,0.056250000000000466,7.84875,6.699375000000001,6.765,7.668749999999999,8.77875,7.1625000000000005,-0.07187500000000041,0.2968749999999992,-0.25,-0.25,203.70000000000002,204.46875,204.24375,207.65625,203.53125,208.42499999999998,-0.4500000000000004,-0.5812500000000026,-0.4500000000000004,202.18124999999998,204.01875,203.775,0.06249999999999867,0.03249999999999975,0.45625000000000027,0.5243750000000003,2.554375,3.3225000000000007,-0.25,-0.25,4.776875,4.735625,1.7425000000000002,1.6425,4.63,2.4043750000000004,4.885625,4.726875000000001,2.2831249999999996,5.0525,2.276875,2.295
187,20.181250000000002,20.387499999999996,20.303125,0.052499999999999214,0.05812499999999943,0.056250000000000466,7.84875,6.699375000000001,6.765,7.668749999999999,8.77875,7.1625000000000005,-0.06250000000000006,0.3093750000000006,-0.25,-0.25,206.08124999999998,206.39999999999998,206.99999999999997,209.47500000000002,205.38750000000002,210.39375,1.0687500000000072,1.0874999999999968,1.050000000000001,203.5875,205.63125000000002,205.40625,0.06249999999999867,0.03249999999999975,0.45625000000000027,0.52375,2.5612500000000002,2.328125,-0.25,-0.25,4.7975,4.7275,1.7537500000000001,1.6193750000000002,4.635,2.4043750000000004,4.888125,4.72375,2.28375,5.050625,2.276875,2.29375
188,20.181250000000002,20.384375,20.303125,0.05437499999999984,0.05812499999999943,0.056250000000000466,7.84875,6.699375000000001,6.765,7.6706249999999985,8.77875,7.160625,-0.0593750000000004,0.3062499999999996,-0.25,-0.25,204.52499999999998,204.76874999999998,204.75,207.73125000000002,203.475,208.5375,-0.4500000000000004,-0.37500000000000033,-0.4500000000000004,201.675,204.00000000000003,203.75625000000002,0.06249999999999867,0.03249999999999975,0.4568749999999999,0.52375,2.5431250000000007,2.8356250000000003,-0.25,-0.25,4.8375,4.710625,1.7575000000000003,1.611875,4.635,2.4043750000000004,4.885000000000001,4.71875,2.2849999999999997,5.049375,2.276875,2.295
189,20.184375,20.384375,20.303125,0.052499999999999214,0.05812499999999943,0.056250000000000466,7.850624999999999,6.699375000000001,6.765,7.6706249999999985,8.77875,7.160625,-0.07187500000000041,0.30000000000000027,-0.25,-0.25,205.6875,206.08124999999998,206.98125,209.53125,205.63125000000002,210.28125,0.8625000000000049,0.7500000000000007,0.9374999999999967,204.01875,205.3125,205.125,0.06249999999999867,0.03249999999999975,0.45625000000000027,0.5249999999999999,2.6168749999999994,2.176875,-0.25,-0.25,4.838750000000001,4.720625,1.7662499999999999,1.63,4.630625,2.40375,4.8843749999999995,4.721875,2.2831249999999996,5.0525,2.2775,2.294375
190,20.181250000000002,20.387499999999996,20.303125,0.052499999999999214,0.05812499999999943,0.056250000000000466,7.850624999999999,6.70125,6.765,7.668749999999999,8.77875,7.160625,-0.06250000000000006,0.2968749999999992,-0.25,-0.25,205.725,206.4375,206.1375,209.49375,204.95624999999998,209.45624999999998,0.9749999999999925,0.7125000000000048,0.8812499999999945,203.08124999999998,204.52499999999998,205.05,0.06249999999999867,0.03249999999999975,0.45625000000000027,0.5256250000000001,2.684375,3.0843750000000005,-0.25,-0.25,4.823125,4.778124999999999,1.74875,1.6181250000000003,4.625624999999999,2.4043750000000004,4.886875000000001,4.724374999999999,2.2849999999999997,5.0531250000000005,2.27625,2.293125
191,20.178125,20.365624999999998,20.278125000000003,0.052499999999999214,0.05812499999999943,0.056250000000000466,7.84875,6.70125,6.765,7.6706249999999985,8.780625,7.1625000000000005,-0.06250000000000006,0.3093750000000006,-0.25,-0.25,205.21875,205.66875,205.76250000000002,208.875,205.1625,210.07500000000002,0.6562500000000027,0.31875000000000653,0.3562500000000024,202.95,205.125,204.01875,0.06249999999999867,0.03249999999999975,0.45625000000000027,0.5249999999999999,2.394375,2.1125,-0.25,-0.25,4.8475,4.7524999999999995,1.76375,1.6349999999999998,4.61875,2.405,4.885000000000001,4.721875,2.2849999999999997,5.0512500000000005,2.275,2.2956250000000002
192,20.178125,20.359375,20.275,0.052499999999999214,0.05812499999999943,0.056250000000000466,7.84875,6.699375000000001,6.765,7.668749999999999,8.77875,7.160625,-0.0593750000000004,0.3031250000000013,-0.25,-0.25,205.03125,206.08124999999998,206.04375000000002,208.63125000000002,204.69375,208.76250000000002,0.5812499999999943,0.5062500000000025,0.22499999999999187,203.325,204.28125,204.8625,0.06249999999999867,0.03249999999999975,0.45562500000000006,0.5243750000000003,2.9418750000000005,3.0493749999999995,-0.25,-0.25,4.8225,4.72125,1.7562499999999996,1.59375,4.619999999999999,2.40375,4.8843749999999995,4.725625,2.2843750000000003,5.054375,2.275625,2.295
193,20.181250000000002,20.35625,20.275,0.052499999999999214,0.05812499999999943,0.056250000000000466,7.850624999999999,6.699375000000001,6.765,7.668749999999999,8.77875,7.160625,-0.056249999999999356,0.30000000000000027,-0.25,-0.25,204.9,205.9125,205.42499999999998,207.375,203.10000000000002,208.1625,-0.6374999999999964,-0.8437499999999987,-0.8624999999999966,201.0,203.25,202.74375,0.06249999999999867,0.0318750000000001,0.45499999999999985,0.5256250000000001,2.3012500000000005,2.0650000000000004,-0.25,-0.25,4.828125,4.774374999999999,1.7493750000000001,1.62875,4.626875,2.4043750000000004,4.883125000000001,4.7281249999999995,2.2862500000000003,5.051875,2.275,2.296875
194,20.178125,20.359375,20.275,0.05437499999999984,0.05812499999999943,0.056250000000000466,7.84875,6.70125,6.765,7.661250000000001,8.77875,7.149374999999999,-0.06250000000000006,0.3124999999999989,-0.25,-0.25,203.86874999999998,204.15,204.4875,207.99375,203.81249999999997,208.65,-0.5062500000000025,-0.4124999999999962,-0.4500000000000004,202.10625,204.05624999999998,204.11249999999998,0.06249999999999867,0.03249999999999975,0.45625000000000027,0.5256250000000001,2.84875,3.223125,-0.25,-0.25,4.81,4.72,1.7537500000000001,1.65875,4.62875,2.4043750000000004,4.880624999999999,4.726249999999999,2.2862500000000003,5.05,2.275625,2.29875
195,20.181250000000002,20.3625,20.275,0.052499999999999214,0.05812499999999943,0.056250000000000466,7.850624999999999,6.70125,6.765,7.653750000000001,8.780625,7.145625,-0.07187500000000041,0.29375000000000095,-0.25,-0.25,204.99375,206.00625,206.55,209.4375,205.42499999999998,210.225,0.9374999999999967,1.012500000000005,1.050000000000001,204.07500000000002,205.57500000000002,205.85625,0.06249999999999867,0.03249999999999975,0.4568749999999999,0.52375,2.41625,2.42375,-0.25,-0.25,4.82375,4.813125,1.7556250000000002,1.65375,4.629375,2.4043750000000004,4.8843749999999995,4.724374999999999,2.2849999999999997,5.0531250000000005,2.27875,2.2956250000000002
196,20.181250000000002,20.3625,20.275,0.05437499999999984,0.05812499999999943,0.05812499999999943,7.850624999999999,6.70125,6.765,7.653750000000001,8.77875,7.145625,-0.06250000000000006,0.2968749999999992,-0.25,-0.25,206.30625,206.60625,207.07500000000002,209.71875,205.38750000000002,209.7,0.7874999999999965,0.9562500000000029,0.9000000000000008,203.34375,205.125,205.29375,0.06249999999999867,0.03249999999999975,0.4568749999999999,0.52375,2.7218750000000003,2.8093749999999993,-0.2499375,-0.25,4.87125,4.699375,1.765,1.62875,4.629375,2.405625,4.885000000000001,4.720625,2.2862500000000003,5.050625,2.276875,2.2975000000000003
197,20.178125,20.359375,20.278125000000003,0.05437499999999984,0.05812499999999943,0.056250000000000466,7.84875,6.699375000000001,6.765,7.653750000000001,8.77875,7.145625,-0.0593750000000004,0.3124999999999989,-0.25,-0.25,205.50000000000003,205.70625,205.93125,209.39999999999998,205.10625,209.64374999999998,0.6562500000000027,0.41250000000000453,0.7125000000000048,203.38125,204.61875,204.54375000000002,0.06249999999999867,0.03249999999999975,0.45562500000000006,0.5225000000000002,2.4299999999999997,2.1350000000000002,-0.25,-0.25,4.796875,4.690625000000001,1.756875,1.6399999999999997,4.63,2.405,4.882499999999999,4.7231250000000005,2.2849999999999997,5.050625,2.275,2.29625
198,20.178125,20.35625,20.278125000000003,0.05437499999999984,0.05812499999999943,0.056250000000000466,7.84875,6.70125,6.765,7.653750000000001,8.77875,7.145625,-0.06874999999999937,0.3093750000000006,-0.25,-0.25,205.14375,205.74375,205.6875,208.9875,204.35625,209.60625000000002,0.5625000000000047,0.13124999999999387,0.3562500000000024,202.89374999999998,204.65624999999997,204.50625,0.06249999999999867,0.03249999999999975,0.45625000000000027,0.5225000000000002,2.7637500000000004,3.065625,-0.25,-0.25,4.855,4.758125,1.765625,1.635625,4.63375,2.4043750000000004,4.882499999999999,4.726249999999999,2.285625,5.05,2.27625,2.295
199,20.181250000000002,20.359375,20.275,0.052499999999999214,0.056250000000000466,0.056250000000000466,7.84875,6.70125,6.765,7.653750000000001,8.77875,7.145625,-0.06874999999999937,0.3031250000000013,-0.25,-0.25,205.03125,205.6875,206.325,208.66875,204.54375000000002,209.90625,0.20625000000000226,-0.11249999999999594,-0.4500000000000004,201.1875,203.3625,202.65,0.06249999999999867,0.03249999999999975,0.45562500000000006,0.5225000000000002,2.5081249999999997,2.1925,-0.25,-0.25,4.868125,4.693125,1.756875,1.6143750000000001,4.63,2.405,4.882499999999999,4.7231250000000005,2.2849999999999997,5.04875,2.275625,2.29625
200,20.181250000000002,20.359375,20.275,0.05437499999999984,0.05812499999999943,0.056250000000000466,7.84875,6.70125,6.765,7.653750000000001,8.77875,7.145625,-0.056249999999999356,0.30000000000000027,-0.25,-0.25,203.86874999999998,204.11249999999998,204.43125,207.46875,203.475,208.2375,-0.46874999999999833,-0.48749999999999627,-0.6374999999999964,202.14375,203.45625,203.625,0.06249999999999867,0.03249999999999975,0.45562500000000006,0.521875,2.62,2.9637500000000006,-0.25,-0.25,4.8462499999999995,4.7275,1.77,1.6099999999999999,4.62125,2.405,4.8812500000000005,4.7275,2.2843750000000003,5.05,2.274375,2.2956250000000002
201,20.181250000000002,20.359375,20.275,0.05437499999999984,0.05812499999999943,0.056250000000000466,7.850624999999999,6.70125,6.765,7.655625000000001,8.780625,7.145625,-0.07187500000000041,0.3093750000000006,-0.25,-0.25,204.35625,205.33125,205.85625,208.93125,204.975,210.13125000000002,0.6937499999999985,0.9187500000000071,0.9374999999999967,204.01875,205.8,205.59375,0.06249999999999867,0.03312499999999996,0.45625000000000027,0.5199999999999999,2.72,2.24125,-0.25,-0.25,4.818125,4.73125,1.75,1.5931250000000001,4.619999999999999,2.405625,4.88375,4.728750000000001,2.285625,5.0512500000000005,2.27625,2.295
202,20.181250000000002,20.340625000000003,20.28125,0.05437499999999984,0.05812499999999943,0.056250000000000466,7.84875,6.699375000000001,6.765,7.653750000000001,8.77875,7.145625,-0.06874999999999937,0.2968749999999992,-0.25,-0.25,206.21249999999998,206.5125,207.16875,209.45624999999998,205.1625,210.50625,0.8437499999999987,1.200000000000001,0.7312499999999944,203.38125,205.6875,205.06875,0.06249999999999867,0.03312499999999996,0.45562500000000006,0.5199999999999999,2.40625,3.1281250000000007,-0.25,-0.25,4.86125,4.713125,1.7556250000000002,1.6262500000000002,4.619375,2.405625,4.881875,4.7231250000000005,2.2843750000000003,5.04875,2.275625,2.29625
203,20.181250000000002,20.334374999999998,20.278125000000003,0.05437499999999984,0.05812499999999943,0.056250000000000466,7.833750000000002,6.699375000000001,6.765,7.653750000000001,8.77875,7.143749999999999,-0.0531249999999997,0.30000000000000027,-0.25,-0.25,205.36874999999998,206.08124999999998,205.89375,209.025,204.91875000000002,209.38125,0.7687500000000069,0.7687500000000069,0.8062500000000028,203.3625,204.52499999999998,204.73125000000002,0.06249999999999867,0.03375000000000017,0.45499999999999985,0.5206250000000001,2.796875,2.445,-0.25,-0.2499375,4.853125,4.753125000000001,1.77,1.6368749999999999,4.623125,2.4043750000000004,4.880624999999999,4.72125,2.2843750000000003,5.049375,2.27625,2.2956250000000002
204,20.178125,20.33125,20.278125000000003,0.052499999999999214,0.05812499999999943,0.056250000000000466,7.833750000000002,6.70125,6.765,7.653750000000001,8.77875,7.145625,-0.0593750000000004,0.3031250000000013,-0.25,-0.25,204.9,205.9125,205.93125,208.2,204.39374999999998,209.7,0.5625000000000047,0.22499999999999187,0.22499999999999187,203.02499999999998,205.10625,204.3375,0.06249999999999867,0.03312499999999996,0.45625000000000027,0.5199999999999999,2.3725,2.7693749999999993,-0.25,-0.25,4.818125,4.7524999999999995,1.7625000000000002,1.6225,4.6274999999999995,2.4043750000000004,4.883125000000001,4.721875,2.2843750000000003,5.046875,2.276875,2.2956250000000002
205,20.178125,20.334374999999998,20.278125000000003,0.052499999999999214,0.05812499999999943,0.056250000000000466,7.833750000000002,6.699375000000001,6.765,7.653750000000001,8.77875,7.145625,-0.06562499999999971,0.3031250000000013,-0.25,-0.25,204.71249999999998,205.76250000000002,206.34375000000003,208.89375,204.31875,209.49375,0.5249999999999921,0.374999999999992,0.11250000000000426,202.23749999999998,203.56875,202.9125,0.06249999999999867,0.03312499999999996,0.4568749999999999,0.5199999999999999,2.8187499999999996,2.14375,-0.25,-0.25,4.8843749999999995,4.703125,1.7643750000000002,1.6275,4.626875,2.4043750000000004,4.880624999999999,4.7231250000000005,2.2825,5.046875,2.275,2.2975000000000003
206,20.178125,20.334374999999998,20.278125000000003,0.05437499999999984,0.05812499999999943,0.056250000000000466,7.835625,6.699375000000001,6.765,7.655625000000001,8.780625,7.145625,-0.056249999999999356,0.30000000000000027,-0.25,-0.25,203.64375,203.92499999999998,204.13125000000002,207.225,203.1375,207.99375,-0.6374999999999964,-0.6000000000000005,-0.6374999999999964,201.78750000000002,203.41875000000002,203.5125,0.06249999999999867,0.03312499999999996,0.45625000000000027,0.5199999999999999,2.3881249999999996,2.9781250000000004,-0.25,-0.25,4.840624999999999,4.730625000000001,1.751875,1.63,4.629375,2.4031249999999997,4.8812500000000005,4.725625,2.2825,5.0512500000000005,2.27625,2.2975000000000003
207,20.181250000000002,20.334374999999998,20.278125000000003,0.05437499999999984,0.05812499999999943,0.056250000000000466,7.833750000000002,6.699375000000001,6.765,7.653750000000001,8.780625,7.145625,-0.06874999999999937,0.2968749999999992,-0.25,-0.25,204.28125,204.80625,204.65624999999997,208.48125,204.45,209.90625,0.6187500000000068,0.7687500000000069,0.8249999999999924,203.83125,205.81875,205.36874999999998,0.06249999999999867,0.03312499999999996,0.4568749999999999,0.5193750000000003,2.8418750000000004,2.3099999999999996,-0.25,-0.2499375,4.7975,4.6875,1.7512499999999998,1.620625,4.635625,2.405,4.88375,4.724374999999999,2.2831249999999996,5.05,2.276875,2.2981249999999998
208,20.184375,20.334374999999998,20.278125000000003,0.05437499999999984,0.05812499999999943,0.056250000000000466,7.833750000000002,6.70125,6.765,7.653750000000001,8.77875,7.145625,-0.06562499999999971,0.30000000000000027,-0.25,-0.25,206.21249999999998,206.55,206.98125,209.8125,205.74375,210.8625,0.9749999999999925,0.9562500000000029,0.7687500000000069,203.49375,205.59375,205.0125,0.06249999999999867,0.03312499999999996,0.45625000000000027,0.5193750000000003,2.39375,2.7631249999999996,-0.25,-0.25,4.860625,4.724374999999999,1.748125,1.6143750000000001,4.6343749999999995,2.405625,4.882499999999999,4.726875000000001,2.281875,5.050625,2.27625,2.2993750000000004
209,20.181250000000002,20.334374999999998,20.278125000000003,0.05437499999999984,0.05812499999999943,0.056250000000000466,7.831874999999999,6.699375000000001,6.765,7.653750000000001,8.77875,7.145625,-0.056249999999999356,0.29375000000000095,-0.25,-0.25,205.74375,206.23125000000002,205.74375,209.47500000000002,204.80625,209.28750000000002,0.5437499999999984,0.8625000000000049,0.6374999999999964,203.34375,204.5625,204.84375,0.06249999999999867,0.03312499999999996,0.4568749999999999,0.5181249999999998,2.79,2.329375,-0.25,-0.25,4.858124999999999,4.689375,1.7712499999999998,1.6418749999999998,4.63,2.4031249999999997,4.883125000000001,4.728750000000001,2.2825,5.050625,2.276875,2.2981249999999998
210,20.153125,20.3125,20.278125000000003,0.05437499999999984,0.05812499999999943,0.056250000000000466,7.833750000000002,6.699375000000001,6.765,7.653750000000001,8.77875,7.143749999999999,-0.06562499999999971,0.3093750000000006,-0.25,-0.25,205.725,205.36874999999998,205.76250000000002,208.55624999999998,204.43125,210.09375,0.5249999999999921,0.31875000000000653,0.39374999999999827,203.00625,204.975,204.01875,0.06249999999999867,0.03312499999999996,0.45750000000000013,0.516875,2.51,2.9400000000000004,-0.25,-0.25,4.819375,4.74125,1.7562499999999996,1.6331250000000002,4.625624999999999,2.40375,4.88375,4.72375,2.2825,5.0475,2.276875,2.29875
211,20.153125,20.30625,20.278125000000003,0.052499999999999214,0.056250000000000466,0.056250000000000466,7.833750000000002,6.70125,6.765,7.653750000000001,8.780625,7.145625,-0.07187500000000041,0.30000000000000027,-0.25,-0.25,204.75,205.4625,206.1375,208.9125,204.88125,209.9625,0.4500000000000004,0.5249999999999921,0.093749999999998,203.28750000000002,203.71875,203.34375,0.06249999999999867,0.03312499999999996,0.45750000000000013,0.516875,2.59875,2.588125,-0.25,-0.25,4.899375,4.7906249999999995,1.7599999999999998,1.63,4.621874999999999,2.4043750000000004,4.883125000000001,4.722499999999999,2.280625,5.049375,2.27625,2.2993750000000004
212,20.153125,20.30625,20.278125000000003,0.052499999999999214,0.05812499999999943,0.056250000000000466,7.833750000000002,6.699375000000001,6.765,7.653750000000001,8.780625,7.145625,-0.06250000000000006,0.2968749999999992,-0.25,-0.25,203.41875000000002,204.11249999999998,204.3375,207.1875,202.8,207.95624999999998,-0.6374999999999964,-0.6187499999999985,-0.7874999999999965,201.4875,203.45625,203.625,0.06249999999999867,0.03312499999999996,0.4568749999999999,0.5175000000000002,2.63625,2.7449999999999997,-0.25,-0.25,4.836875000000001,4.78125,1.7593750000000004,1.6099999999999999,4.62875,2.4043750000000004,4.886875000000001,4.725625,2.2825,5.0512500000000005,2.275,2.296875
213,20.153125,20.30625,20.278125000000003,0.05437499999999984,0.05812499999999943,0.056250000000000466,7.833750000000002,6.699375000000001,6.765,7.653750000000001,8.77875,7.145625,-0.06250000000000006,0.3093750000000006,-0.25,-0.25,204.31875,204.5625,204.9375,208.29375,204.58124999999998,209.68125,0.3562500000000024,0.31875000000000653,0.6937499999999985,203.70000000000002,205.93125,204.84375,0.06249999999999867,0.03312499999999996,0.45625000000000027,0.5175000000000002,2.4743749999999998,2.2449999999999997,-0.25,-0.25,4.81125,4.784375,1.7631249999999998,1.6218749999999997,4.6343749999999995,2.405,4.8862499999999995,4.724374999999999,2.2831249999999996,5.048125,2.275625,2.29875
214,20.156249999999996,20.3125,20.278125000000003,0.052499999999999214,0.05812499999999943,0.056250000000000466,7.846875000000001,6.699375000000001,6.751875,7.653750000000001,8.780625,7.145625,-0.06874999999999937,0.3031250000000013,-0.25,-0.25,205.8375,206.6625,207.01875,210.26250000000002,205.8375,210.54375,1.012500000000005,1.012500000000005,0.9749999999999925,203.475,204.9,205.275,0.06249999999999867,0.03312499999999996,0.45625000000000027,0.516875,2.7349999999999994,2.8425000000000002,-0.25,-0.25,4.848749999999999,4.813125,1.751875,1.6393750000000002,4.633125,2.4031249999999997,4.885000000000001,4.72375,2.281875,5.051875,2.276875,2.296875
215,20.153125,20.3125,20.278125000000003,0.052499999999999214,0.05812499999999943,0.05812499999999943,7.84875,6.70125,6.748125,7.655625000000001,8.780625,7.145625,-0.06250000000000006,0.3031250000000013,-0.25,-0.25,205.65,206.39999999999998,206.10000000000002,209.5875,204.88125,209.60625000000002,0.6937499999999985,0.6187500000000068,0.6000000000000005,203.04375000000002,204.975,205.125,0.06249999999999867,0.03249999999999975,0.4568749999999999,0.516875,2.41,2.5649999999999995,-0.25,-0.25,4.836875000000001,4.7825,1.768125,1.6349999999999998,4.6325,2.4031249999999997,4.888125,4.7250000000000005,2.2831249999999996,5.050625,2.275,2.294375
216,20.153125,20.30625,20.278125000000003,0.05437499999999984,0.05812499999999943,0.056250000000000466,7.84875,6.70125,6.749999999999999,7.655625000000001,8.77875,7.143749999999999,-0.06562499999999971,0.3124999999999989,-0.25,-0.25,205.38750000000002,205.66875,205.8375,209.38125,204.99375,210.11249999999998,0.48749999999999627,0.20625000000000226,0.5062500000000025,203.19375,204.71249999999998,204.20625,0.06249999999999867,0.03249999999999975,0.45562500000000006,0.5181249999999998,2.9012499999999997,2.6525,-0.25,-0.25,4.841875,4.776249999999999,1.7531249999999998,1.6431249999999997,4.635,2.40375,4.886875000000001,4.725625,2.2825,5.05,2.275,2.296875
217,20.153125,20.303125,20.278125000000003,0.05437499999999984,0.05812499999999943,0.056250000000000466,7.84875,6.70125,6.749999999999999,7.653750000000001,8.780625,7.145625,-0.06562499999999971,0.2968749999999992,-0.25,-0.25,204.75,205.36874999999998,205.8375,208.725,204.88125,210.13125000000002,0.6374999999999964,0.15000000000000013,0.374999999999992,203.23125000000002,204.13125000000002,204.15,0.06249999999999867,0.03249999999999975,0.4568749999999999,0.5181249999999998,2.359375,2.4325,-0.25,-0.2500625,4.86375,4.7299999999999995,1.7562499999999996,1.6343750000000001,4.63875,2.40375,4.885625,4.7275,2.28125,5.0531250000000005,2.2781249999999997,2.2975000000000003
218,20.153125,20.30625,20.275,0.05437499999999984,0.05812499999999943,0.056250000000000466,7.850624999999999,6.70125,6.749999999999999,7.653750000000001,8.77875,7.145625,-0.06250000000000006,0.3031250000000013,-0.25,-0.25,203.4,204.24375,204.375,206.92499999999998,202.725,208.0875,-0.8624999999999966,-0.7124999999999965,-0.6937499999999985,201.4875,203.5125,203.26874999999998,0.06249999999999867,0.03249999999999975,0.45750000000000013,0.5181249999999998,2.8981250000000003,2.793125,-0.25,-0.25,4.8325,4.739375,1.768125,1.620625,4.64125,2.4043750000000004,4.886875000000001,4.72375,2.2825,5.051875,2.2775,2.29625
219,20.153125,20.30625,20.275,0.05437499999999984,0.05812499999999943,0.056250000000000466,7.84875,6.699375000000001,6.749999999999999,7.653750000000001,8.77875,7.145625,-0.0593750000000004,0.3031250000000013,-0.25,-0.25,204.13125000000002,204.65624999999997,204.825,208.0125,204.35625,209.325,0.15000000000000013,0.11250000000000426,0.4500000000000004,203.53125,205.59375,205.40625,0.06249999999999867,0.03249999999999975,0.45625000000000027,0.51875,2.40625,2.690625,-0.25,-0.25,4.85125,4.7124999999999995,1.7618749999999999,1.6218749999999997,4.63375,2.40625,4.886875000000001,4.7231250000000005,2.28,5.0512500000000005,2.276875,2.2981249999999998
220,20.153125,20.30625,20.275,0.05437499999999984,0.05812499999999943,0.056250000000000466,7.84875,6.699375000000001,6.748125,7.655625000000001,8.780625,7.145625,-0.06250000000000006,0.30000000000000027,-0.25,-0.25,206.1375,206.73749999999998,207.0375,210.15,205.875,210.29999999999998,1.0874999999999968,0.9374999999999967,0.9374999999999967,203.83125,205.4625,205.20000000000002,0.06249999999999867,0.03249999999999975,0.45625000000000027,0.5193750000000003,2.7368749999999995,2.6606249999999996,-0.25,-0.25,4.871875,4.71125,1.760625,1.630625,4.62625,2.405625,4.885625,4.725625,2.280625,5.054375,2.2775,2.296875
221,20.153125,20.30625,20.278125000000003,0.05437499999999984,0.05812499999999943,0.056250000000000466,7.84875,6.699375000000001,6.749999999999999,7.668749999999999,8.77875,7.145625,-0.06874999999999937,0.3031250000000013,-0.25,-0.25,205.57500000000002,206.0625,206.75625,209.41875000000002,205.125,209.6625,0.6374999999999964,0.9187500000000071,0.7125000000000048,202.81875,205.10625,204.75,0.06249999999999867,0.03249999999999975,0.45562500000000006,0.5181249999999998,2.51625,2.41,-0.25,-0.2499375,4.81625,4.7124999999999995,1.7556250000000002,1.5968749999999998,4.625624999999999,2.405,4.886875000000001,4.722499999999999,2.280625,5.05375,2.27625,2.29625
222,20.153125,20.30625,20.28125,0.05437499999999984,0.05812499999999943,0.056250000000000466,7.835625,6.70125,6.748125,7.6706249999999985,8.77875,7.145625,-0.0593750000000004,0.3093750000000006,-0.25,-0.25,205.40625,205.65,205.96875,209.25,205.14375,209.625,0.6374999999999964,0.4500000000000004,0.6000000000000005,203.25,204.28125,204.4875,0.06249999999999867,0.0318750000000001,0.45562500000000006,0.5181249999999998,2.71,2.71375,-0.25,-0.25,4.835000000000001,4.72,1.756875,1.6331250000000002,4.62875,2.405,4.885625,4.724374999999999,2.279375,5.055,2.27625,2.296875
223,20.153125,20.30625,20.278125000000003,0.05437499999999984,0.05812499999999943,0.056250000000000466,7.833750000000002,6.70125,6.749999999999999,7.6706249999999985,8.780625,7.145625,-0.06562499999999971,0.3031250000000013,-0.25,-0.25,205.10625,205.48125,205.57500000000002,208.51875,205.05,209.60625000000002,0.48749999999999627,0.13124999999999387,0.5812499999999943,202.63125,204.84375,204.3,0.06249999999999867,0.0318750000000001,0.45625000000000027,0.51875,2.518125,2.830625,-0.25,-0.25,4.833125000000001,4.73625,1.75,1.61125,4.635,2.40625,4.888125,4.728750000000001,2.280625,5.05875,2.2775,2.29625
224,20.153125,20.309375000000003,20.275,0.05437499999999984,0.05812499999999943,0.056250000000000466,7.833750000000002,6.70125,6.749999999999999,7.6706249999999985,8.780625,7.145625,-0.06562499999999971,0.2968749999999992,-0.25,-0.25,203.475,204.11249999999998,204.3375,207.07500000000002,203.08124999999998,208.1625,-0.8062500000000028,-0.6750000000000006,-0.7500000000000007,201.52499999999998,203.5875,202.96875,0.06249999999999867,0.03249999999999975,0.45562500000000006,0.51875,2.5700000000000003,2.511875,-0.25,-0.25,4.824375,4.775625,1.7493750000000001,1.6437499999999998,4.638125,2.406875,4.8875,4.728750000000001,2.281875,5.05625,2.27625,2.2956250000000002
225,20.153125,20.30625,20.275,0.052499999999999214,0.05812499999999943,0.056250000000000466,7.833750000000002,6.70125,6.748125,7.6706249999999985,8.77875,7.145625,-0.06250000000000006,0.3062499999999996,-0.25,-0.25,204.24375,204.71249999999998,205.05,208.2375,204.2625,209.39999999999998,0.0,0.3562500000000024,0.39374999999999827,203.83125,205.35,205.74375,0.06249999999999867,0.03249999999999975,0.45625000000000027,0.5199999999999999,2.734375,2.52125,-0.25,-0.25,4.79625,4.7375,1.74875,1.6468749999999999,4.635625,2.406875,4.88375,4.726875000000001,2.281875,5.05875,2.27875,2.29625
226,20.156249999999996,20.30625,20.278125000000003,0.05437499999999984,0.05812499999999943,0.056250000000000466,7.833750000000002,6.70125,6.748125,7.668749999999999,8.77875,7.145625,-0.06562499999999971,0.30000000000000027,-0.25,-0.25,205.875,206.3625,206.41875000000002,209.47500000000002,204.80625,209.08124999999998,-0.30000000000000027,-0.05625000000000213,-0.1312500000000022,201.9375,203.81249999999997,203.15625000000003,0.06249999999999867,0.03249999999999975,0.4568749999999999,0.5206250000000001,2.353125,2.671875,-0.25,-0.25,4.869375,4.73125,1.74875,1.63125,4.638125,2.405,4.8862499999999995,4.722499999999999,2.2825,5.055625,2.279375,2.29375
227,20.156249999999996,20.30625,20.278125000000003,0.05437499999999984,0.05812499999999943,0.056250000000000466,7.833750000000002,6.699375000000001,6.748125,7.668749999999999,8.77875,7.143749999999999,-0.07500000000000007,0.30000000000000027,-0.25,-0.25,205.4625,206.19375,206.71875,209.25,205.50000000000003,210.76874999999998,0.9374999999999967,0.9187500000000071,0.8812499999999945,204.01875,205.65,205.21875,0.06249999999999867,0.0318750000000001,0.45625000000000027,0.51875,2.900625,2.8968749999999996,-0.25,-0.25,4.8187500000000005,4.7575,1.7612499999999998,1.6437499999999998,4.640625,2.405,4.888125,4.72125,2.2825,5.054375,2.27625,2.295
228,20.153125,20.309375000000003,20.278125000000003,0.05437499999999984,0.05812499999999943,0.056250000000000466,7.833750000000002,6.699375000000001,6.749999999999999,7.6706249999999985,8.77875,7.154999999999999,-0.06250000000000006,0.2968749999999992,-0.25,-0.25,205.875,206.38125,206.23125000000002,209.775,205.76250000000002,209.625,0.8812499999999945,0.7312499999999944,0.7500000000000007,203.49375,204.69375,204.91875000000002,0.06249999999999867,0.03249999999999975,0.45562500000000006,0.5206250000000001,2.373125,2.5493750000000004,-0.25,-0.25,4.828125,4.743125,1.75,1.6062500000000002,4.636875,2.405,4.8862499999999995,4.725625,2.2831249999999996,5.056875,2.27625,2.29375
229,20.150000000000002,20.309375000000003,20.278125000000003,0.05437499999999984,0.05812499999999943,0.056250000000000466,7.833750000000002,6.699375000000001,6.749999999999999,7.6706249999999985,8.77875,7.160625,-0.06562499999999971,0.3093750000000006,-0.25,-0.25,205.61249999999998,205.725,205.57500000000002,209.04375,204.60000000000002,209.9625,0.374999999999992,0.5062500000000025,0.39374999999999827,202.8375,204.88125,204.4875,0.06249999999999867,0.0318750000000001,0.45562500000000006,0.5212499999999998,2.7493749999999997,2.678125,-0.25,-0.25,4.8325,4.746875,1.7643750000000002,1.6343750000000001,4.6325,2.405,4.88875,4.724374999999999,2.28375,5.05375,2.27625,2.2912500000000002
230,20.150000000000002,20.30625,20.278125000000003,0.05437499999999984,0.05812499999999943,0.056250000000000466,7.833750000000002,6.70125,6.748125,7.668749999999999,8.77875,7.160625,-0.07187500000000041,0.30000000000000027,-0.25,-0.25,204.99375,205.6875,206.45624999999998,208.44375000000002,204.975,209.8125,0.7874999999999965,0.374999999999992,0.5062500000000025,202.38750000000002,205.0875,204.54375000000002,0.06249999999999867,0.03249999999999975,0.45625000000000027,0.5199999999999999,2.4412499999999997,2.51625,-0.25,-0.25,4.80375,4.72375,1.7581249999999997,1.6225,4.62625,2.40625,4.888125,4.724374999999999,2.28375,5.0531250000000005,2.275,2.2925
231,20.156249999999996,20.30625,20.278125000000003,0.05437499999999984,0.05812499999999943,0.056250000000000466,7.833750000000002,6.699375000000001,6.749999999999999,7.6706249999999985,8.77875,7.160625,-0.06562499999999971,0.3031250000000013,-0.25,-0.25,204.88125,205.48125,205.9125,209.28750000000002,204.05624999999998,208.85625,-0.3562500000000024,-0.46874999999999833,-0.6562500000000027,201.33749999999998,202.8375,202.31249999999997,0.06875000000000075,0.03249999999999975,0.4568749999999999,0.5199999999999999,2.814375,2.974375,-0.25,-0.2499375,4.840624999999999,4.746875,1.751875,1.6031250000000004,4.623749999999999,2.405,4.885625,4.729375,2.28375,5.055625,2.2775,2.291875
232,20.156249999999996,20.30625,20.278125000000003,0.052499999999999214,0.05812499999999943,0.056250000000000466,7.833750000000002,6.699375000000001,6.748125,7.668749999999999,8.77875,7.160625,-0.06562499999999971,0.3124999999999989,-0.25,-0.25,203.79375,204.15,204.31875,207.225,203.175,208.125,-0.5812500000000026,-0.5062500000000025,-0.5624999999999963,201.61875,204.07500000000002,203.56875,0.06249999999999867,0.0318750000000001,0.4568749999999999,0.521875,2.3525,2.4212499999999997,-0.25,-0.25,4.85375,4.7056249999999995,1.7562499999999996,1.6268749999999998,4.63,2.40375,4.8862499999999995,4.7275,2.2825,5.05375,2.2781249999999997,2.290625
233,20.153125,20.309375000000003,20.275,0.05437499999999984,0.05812499999999943,0.056250000000000466,7.833750000000002,6.70125,6.748125,7.6706249999999985,8.77875,7.160625,-0.06874999999999937,0.30000000000000027,-0.25,-0.25,204.8625,205.6875,206.23125000000002,209.325,204.80625,210.6375,0.7312499999999944,0.9562500000000029,0.9374999999999967,204.28125,205.725,205.42499999999998,0.06249999999999867,0.03249999999999975,0.4568749999999999,0.5231249999999998,2.7800000000000002,2.6606249999999996,-0.25,-0.25,4.779999999999999,4.779375,1.7531249999999998,1.6281250000000003,4.631875,2.405625,4.882499999999999,4.7231250000000005,2.2825,5.055,2.2775,2.2925
234,20.153125,20.3125,20.278125000000003,0.05437499999999984,0.05812499999999943,0.056250000000000466,7.831874999999999,6.70125,6.749999999999999,7.6706249999999985,8.780625,7.160625,-0.06250000000000006,0.30000000000000027,-0.25,-0.25,206.3625,206.9625,207.01875,209.88750000000002,205.21875,209.88750000000002,0.7687500000000069,1.143749999999999,0.7874999999999965,203.45625,205.1625,205.10625,0.06249999999999867,0.03249999999999975,0.45750000000000013,0.521875,2.524375,2.511875,-0.25,-0.25,4.811875,4.79875,1.7349999999999999,1.6393750000000002,4.629375,2.405,4.882499999999999,4.722499999999999,2.28375,5.05625,2.2775,2.290625
235,20.153125,20.30625,20.278125000000003,0.05437499999999984,0.05812499999999943,0.056250000000000466,7.833750000000002,6.70125,6.749999999999999,7.668749999999999,8.77875,7.1625000000000005,-0.06250000000000006,0.3093750000000006,-0.25,-0.25,205.725,206.08124999999998,205.9875,208.96875,204.91875000000002,209.21249999999998,0.6749999999999923,0.39374999999999827,0.43124999999999414,203.34375,204.95624999999998,204.2625,0.06249999999999867,0.0318750000000001,0.45750000000000013,0.521875,2.50375,3.0600000000000005,-0.2499375,-0.25,4.835000000000001,4.772499999999999,1.750625,1.6243750000000001,4.63,2.405625,4.88375,4.7231250000000005,2.2825,5.0512500000000005,2.27625,2.291875
236,20.153125,20.284374999999997,20.259375000000002,0.052499999999999214,0.05812499999999943,0.056250000000000466,7.833750000000002,6.699375000000001,6.749999999999999,7.668749999999999,8.791875000000001,7.160625,-0.07187500000000041,0.30000000000000027,-0.25,-0.25,205.21875,205.725,206.11875,208.875,204.825,210.05624999999998,0.7312499999999944,0.39374999999999827,0.46875000000000666,202.95,204.825,204.88125,0.06249999999999867,0.03249999999999975,0.45750000000000013,0.52375,2.8018750000000003,2.415,-0.25,-0.25,4.838125,4.760625000000001,1.7512499999999998,1.635625,4.63125,2.405625,4.8812500000000005,4.725625,2.28125,5.0525,2.275625,2.29375
237,20.153125,20.278125000000003,20.25,0.05437499999999984,0.05812499999999943,0.056250000000000466,7.846875000000001,6.699375000000001,6.749999999999999,7.668749999999999,8.79375,7.160625,-0.06562499999999971,0.30000000000000027,-0.25,-0.25,205.29375,205.6875,206.02499999999998,209.175,204.00000000000003,209.0625,0.30000000000000027,0.6374999999999964,0.20625000000000226,202.10625,203.75625000000002,203.04375000000002,0.06249999999999867,0.0318750000000001,0.45750000000000013,0.52375,2.4281249999999996,2.913125,-0.25,-0.25,4.848749999999999,4.7250000000000005,1.751875,1.6143750000000001,4.6343749999999995,2.40375,4.8812500000000005,4.7250000000000005,2.28125,5.051875,2.27625,2.29375
238,20.153125,20.28125,20.246874999999996,0.05437499999999984,0.05812499999999943,0.056250000000000466,7.850624999999999,6.70125,6.748125,7.668749999999999,8.79375,7.160625,-0.06562499999999971,0.30000000000000027,-0.25,-0.25,203.625,204.01875,204.01875,206.85,202.93125,207.84375000000003,-0.6000000000000005,-0.7312500000000027,-0.6000000000000005,201.78750000000002,203.6625,203.15625000000003,0.06249999999999867,0.03249999999999975,0.4581249999999998,0.5231249999999998,2.7087499999999998,2.313125,-0.25,-0.25,4.83375,4.7575,1.755,1.609375,4.6343749999999995,2.4043750000000004,4.8843749999999995,4.7250000000000005,2.280625,5.049375,2.27625,2.29375
239,20.153125,20.28125,20.25,0.05437499999999984,0.05812499999999943,0.056250000000000466,7.850624999999999,6.699375000000001,6.748125,7.6706249999999985,8.79375,7.160625,-0.06562499999999971,0.3062499999999996,-0.25,-0.25,204.1875,204.75,205.4625,208.85625,204.71249999999998,209.9625,0.5249999999999921,0.7125000000000048,0.5625000000000047,204.16875,205.61249999999998,205.8,0.06249999999999867,0.0318750000000001,0.4581249999999998,0.52375,2.4575000000000005,3.028125,-0.25,-0.25,4.8618749999999995,4.724374999999999,1.760625,1.615625,4.625,2.4043750000000004,4.882499999999999,4.7299999999999995,2.28125,5.0531250000000005,2.2775,2.295
240,20.174999999999997,20.28125,20.253125,0.052499999999999214,0.05812499999999943,0.056250000000000466,7.850624999999999,6.699375000000001,6.749999999999999,7.6706249999999985,8.79375,7.160625,-0.06250000000000006,0.3062499999999996,-0.25,-0.25,206.53125,206.90625,207.20625,209.5125,205.42499999999998,209.98125,1.1812499999999948,1.293749999999999,0.6937499999999985,203.60625,205.18125,205.3125,0.06249999999999867,0.0318750000000001,0.45875,0.521875,2.7612499999999995,2.319375,-0.25,-0.25,4.86625,4.808750000000001,1.760625,1.6468749999999999,4.619375,2.40375,4.883125000000001,4.725625,2.2831249999999996,5.0531250000000005,2.2775,2.2925
241,20.181250000000002,20.28125,20.253125,0.05437499999999984,0.05812499999999943,0.056250000000000466,7.84875,6.70125,6.749999999999999,7.668749999999999,8.795625000000001,7.160625,-0.06874999999999937,0.30000000000000027,-0.25,-0.25,206.00625,206.08124999999998,205.9875,208.85625,205.05,209.88750000000002,0.46875000000000666,0.5812499999999943,0.6749999999999923,203.25,204.84375,204.65624999999997,0.06249999999999867,0.0318750000000001,0.4581249999999998,0.521875,2.341875,2.850625,-0.25,-0.25,4.846875000000001,4.78125,1.775,1.620625,4.619999999999999,2.4043750000000004,4.881875,4.721875,2.280625,5.0531250000000005,2.2781249999999997,2.29375
242,20.181250000000002,20.28125,20.25,0.05437499999999984,0.05812499999999943,0.056250000000000466,7.846875000000001,6.699375000000001,6.748125,7.6706249999999985,8.79375,7.160625,-0.06562499999999971,0.30000000000000027,-0.25,-0.25,205.275,205.85625,205.55624999999998,209.0625,204.80625,210.09375,0.33749999999999614,0.48749999999999627,0.6000000000000005,203.11875,204.95624999999998,204.3,0.06249999999999867,0.03249999999999975,0.45750000000000013,0.52375,2.9325,2.408125,-0.25,-0.25,4.81,4.676875000000001,1.7543750000000002,1.6381250000000003,4.623125,2.4043750000000004,4.878125,4.724374999999999,2.28125,5.055625,2.2781249999999997,2.29375
243,20.178125,20.28125,20.246874999999996,0.05437499999999984,0.05812499999999943,0.056250000000000466,7.84875,6.699375000000001,6.748125,7.668749999999999,8.795625000000001,7.160625,-0.06874999999999937,0.3093750000000006,-0.25,-0.25,205.125,205.6875,205.875,208.76250000000002,204.2625,208.9875,0.5062500000000025,0.6187500000000068,0.48749999999999627,202.8375,204.60000000000002,203.49375,0.06249999999999867,0.03249999999999975,0.45750000000000013,0.5243750000000003,2.3431249999999997,3.2443750000000007,-0.25,-0.25,4.848749999999999,4.72375,1.76875,1.6143750000000001,4.6274999999999995,2.4025000000000003,4.88,4.725625,2.280625,5.0531250000000005,2.276875,2.293125
244,20.509375000000002,20.28125,20.25,0.052499999999999214,0.05812499999999943,0.056250000000000466,7.84875,6.70125,6.748125,7.6706249999999985,8.795625000000001,7.160625,-0.0593750000000004,0.30000000000000027,-0.25,-0.25,203.79375,204.01875,204.39374999999998,206.92499999999998,202.85625000000002,207.97500000000002,-0.7500000000000007,-0.7124999999999965,-0.7124999999999965,201.9375,203.5125,203.21249999999998,0.06249999999999867,0.03249999999999975,0.4568749999999999,0.5243750000000003,2.7406249999999996,2.23625,-0.25,-0.25,4.86625,4.768750000000001,1.7799999999999998,1.6349999999999998,4.6274999999999995,2.4043750000000004,4.878125,4.725625,2.28125,5.055,2.27625,2.29625
245,20.54375,20.278125000000003,20.25,0.05437499999999984,0.05812499999999943,0.056250000000000466,7.84875,6.699375000000001,6.749999999999999,7.6706249999999985,8.795625000000001,7.160625,-0.06562499999999971,0.3062499999999996,-0.25,-0.25,203.9625,204.75,204.975,208.29375,204.01875,209.41875000000002,0.33749999999999614,0.5062500000000025,0.6374999999999964,203.83125,205.51875,205.725,0.06249999999999867,0.0318750000000001,0.4568749999999999,0.5231249999999998,2.5831249999999994,3.0062500000000005,-0.25,-0.25,4.881875,4.7250000000000005,1.7706250000000001,1.6243750000000001,4.62625,2.405,4.875625,4.7275,2.2825,5.0575,2.2775,2.2956250000000002
246,20.54375,20.28125,20.253125,0.05437499999999984,0.05812499999999943,0.056250000000000466,7.84875,6.70125,6.749999999999999,7.6706249999999985,8.795625000000001,7.1625000000000005,-0.06874999999999937,0.2968749999999992,-0.25,-0.25,205.9875,206.85,207.28125,209.41875000000002,205.40625,210.225,1.106250000000003,1.012500000000005,0.9187500000000071,203.45625,205.85625,205.23749999999998,0.06249999999999867,0.03249999999999975,0.45625000000000027,0.5231249999999998,2.5300000000000002,2.201875,-0.25,-0.25,4.8812500000000005,4.74625,1.7725000000000002,1.630625,4.63125,2.405,4.878749999999999,4.726875000000001,2.2825,5.05375,2.275625,2.295
247,20.54375,20.28125,20.253125,0.052499999999999214,0.05812499999999943,0.056250000000000466,7.84875,6.70125,6.748125,7.668749999999999,8.795625000000001,7.160625,-0.06250000000000006,0.2968749999999992,-0.25,-0.25,205.9875,206.15624999999997,206.5125,208.76250000000002,205.35,209.39999999999998,0.6374999999999964,0.9374999999999967,0.7500000000000007,203.0625,204.28125,204.8625,0.06249999999999867,0.03249999999999975,0.45562500000000006,0.5225000000000002,2.698125,3.0862500000000006,-0.25,-0.25,4.840624999999999,4.7281249999999995,1.7781249999999997,1.6256249999999999,4.631875,2.40625,4.878125,4.728750000000001,2.279375,5.055625,2.276875,2.2981249999999998
248,20.540625000000002,20.28125,20.25,0.05437499999999984,0.05812499999999943,0.056250000000000466,7.84875,6.70125,6.749999999999999,7.668749999999999,8.795625000000001,7.160625,-0.06250000000000006,0.3031250000000013,-0.25,-0.25,205.36874999999998,205.89375,205.6875,209.175,204.4875,209.8125,0.31875000000000653,0.30000000000000027,0.3562500000000024,203.19375,204.46875,204.28125,0.06249999999999867,0.03249999999999975,0.4568749999999999,0.5225000000000002,2.528125,2.250625,-0.25,-0.25,4.80375,4.78125,1.7575000000000003,1.631875,4.626875,2.4043750000000004,4.8775,4.726249999999999,2.281875,5.056875,2.2781249999999997,2.2956250000000002
249,20.540625000000002,20.28125,20.25,0.052499999999999214,0.05812499999999943,0.056250000000000466,7.84875,6.699375000000001,6.749999999999999,7.6706249999999985,8.79375,7.160625,-0.06250000000000006,0.3031250000000013,-0.25,-0.25,205.125,205.9125,206.175,208.0125,204.675,209.26874999999998,0.6374999999999964,0.22499999999999187,0.20625000000000226,202.93125,204.3375,204.1875,0.06249999999999867,0.03249999999999975,0.45625000000000027,0.5225000000000002,2.6437500000000003,2.9618750000000005,-0.25,-0.25,4.81625,4.779375,1.7462499999999999,1.62875,4.623125,2.4043750000000004,4.88,4.721875,2.281875,5.054375,2.275625,2.295
250,20.54375,20.278125000000003,20.25,0.05437499999999984,0.05812499999999943,0.056250000000000466,7.84875,6.70125,6.749999999999999,7.6706249999999985,8.79375,7.160625,-0.06562499999999971,0.2968749999999992,-0.25,-0.25,203.68124999999998,204.225,204.4875,207.11249999999998,202.7625,208.18125,-0.7500000000000007,-0.7874999999999965,-0.7687499999999986,201.54375000000002,203.23125000000002,203.3625,0.06249999999999867,0.03249999999999975,0.45625000000000027,0.5199999999999999,2.4662499999999996,2.274375,-0.25,-0.25,4.8568750000000005,4.733125,1.77,1.6199999999999997,4.616875,2.405,4.878749999999999,4.726249999999999,2.280625,5.055625,2.276875,2.29625
251,20.534375,20.28125,20.25,0.052499999999999214,0.05812499999999943,0.056250000000000466,7.84875,6.699375000000001,6.749999999999999,7.659375000000002,8.795625000000001,7.160625,-0.06250000000000006,0.3031250000000013,-0.25,-0.25,204.3375,204.5625,204.78750000000002,207.88125,204.00000000000003,208.95,0.01875000000000626,0.093749999999998,0.374999999999992,203.4375,205.42499999999998,205.38750000000002,0.06249999999999867,0.03249999999999975,0.4568749999999999,0.5193750000000003,2.8606249999999998,3.4081249999999996,-0.25,-0.25,4.784375,4.743125,1.74375,1.61875,4.619375,2.4043750000000004,4.8793750000000005,4.726249999999999,2.281875,5.054375,2.27625,2.2956250000000002
252,20.51875,20.284374999999997,20.25,0.05437499999999984,0.05812499999999943,0.056250000000000466,7.835625,6.70125,6.749999999999999,7.653750000000001,8.795625000000001,7.160625,-0.06562499999999971,0.30000000000000027,-0.25,-0.25,206.10000000000002,206.64375,206.7,209.60625000000002,205.42499999999998,210.375,1.0687500000000072,0.9562500000000029,0.8249999999999924,203.41875000000002,205.78125,205.21875,0.06249999999999867,0.03249999999999975,0.45499999999999985,0.5199999999999999,2.261875,2.18375,-0.25,-0.25,4.8725,4.703125,1.7612499999999998,1.6062500000000002,4.625,2.405,4.8793750000000005,4.7231250000000005,2.281875,5.0531250000000005,2.275625,2.29625
253,20.515625,20.2875,20.25,0.052499999999999214,0.06000000000000005,0.056250000000000466,7.833750000000002,6.70125,6.749999999999999,7.651874999999999,8.79375,7.160625,-0.0593750000000004,0.30000000000000027,-0.25,-0.25,205.9125,206.19375,206.19375,209.15625,204.75,209.92499999999998,0.7312499999999944,0.39374999999999827,0.7687500000000069,203.70000000000002,204.9375,204.825,0.06249999999999867,0.03312499999999996,0.45625000000000027,0.5199999999999999,2.949375,2.950625,-0.25,-0.25,4.849375,4.766249999999999,1.7625000000000002,1.6431249999999997,4.625,2.405625,4.876875,4.725625,2.280625,5.054375,2.2775,2.29875
254,20.515625,20.28125,20.253125,0.052499999999999214,0.05812499999999943,0.056250000000000466,7.831874999999999,6.699375000000001,6.749999999999999,7.653750000000001,8.79375,7.160625,-0.06250000000000006,0.2968749999999992,-0.25,-0.25,205.81875,205.63125000000002,205.95,208.93125,204.91875000000002,209.38125,0.30000000000000027,0.374999999999992,0.39374999999999827,202.8375,205.10625,204.16875,0.06249999999999867,0.03249999999999975,0.4568749999999999,0.51875,2.4093750000000003,2.1831250000000004,-0.25,-0.25,4.800624999999999,4.7575,1.7449999999999999,1.5968749999999998,4.625,2.40375,4.8775,4.7275,2.28125,5.0525,2.276875,2.296875
255,20.515625,20.278125000000003,20.275,0.052499999999999214,0.05812499999999943,0.056250000000000466,7.833750000000002,6.70125,6.749999999999999,7.655625000000001,8.795625000000001,7.160625,-0.06562499999999971,0.30000000000000027,-0.25,-0.25,204.76874999999998,206.175,205.81875,208.21875,204.3375,209.55,0.6749999999999923,0.3562500000000024,0.4500000000000004,203.10000000000002,204.61875,204.39374999999998,0.06249999999999867,0.03312499999999996,0.45562500000000006,0.5193750000000003,2.6925,3.0018750000000005,-0.25,-0.25,4.89,4.762499999999999,1.7762499999999997,1.6231250000000004,4.628125,2.4025000000000003,4.8812500000000005,4.726875000000001,2.280625,5.054375,2.275,2.2981249999999998
256,20.515625,20.278125000000003,20.275,0.05437499999999984,0.05812499999999943,0.056250000000000466,7.833750000000002,6.70125,6.748125,7.653750000000001,8.795625000000001,7.160625,-0.06562499999999971,0.2968749999999992,-0.25,-0.25,203.60625,204.43125,204.46875,206.85,203.26874999999998,207.97500000000002,-0.7500000000000007,-0.7312500000000027,-0.7874999999999965,201.225,203.26874999999998,203.45625,0.06249999999999867,0.03249999999999975,0.45499999999999985,0.5206250000000001,2.5893750000000004,2.25375,-0.25,-0.25,4.86125,4.771875,1.766875,1.6368749999999999,4.63125,2.40375,4.88,4.726249999999999,2.280625,5.054375,2.276875,2.2993750000000004
257,20.515625,20.28125,20.275,0.05437499999999984,0.05812499999999943,0.056250000000000466,7.833750000000002,6.70125,6.749999999999999,7.655625000000001,8.795625000000001,7.160625,-0.06250000000000006,0.2968749999999992,-0.25,-0.25,204.31875,204.375,204.91875000000002,207.825,203.56875,208.63125000000002,-0.39374999999999827,-0.03749999999999587,0.24374999999999813,203.02499999999998,205.4625,204.78750000000002,0.06249999999999867,0.03312499999999996,0.45625000000000027,0.5181249999999998,2.63625,3.0018750000000005,-0.25,-0.25,4.827500000000001,4.721875,1.7556250000000002,1.6237499999999998,4.6343749999999995,2.4031249999999997,4.882499999999999,4.72125,2.28125,5.0531250000000005,2.27625,2.2975000000000003
258,20.51875,20.28125,20.275,0.05437499999999984,0.05812499999999943,0.056250000000000466,7.833750000000002,6.699375000000001,6.749999999999999,7.653750000000001,8.795625000000001,7.160625,-0.06250000000000006,0.30000000000000027,-0.25,-0.25,205.89375,206.3625,206.99999999999997,209.75625,205.8375,210.525,0.9937499999999988,1.106250000000003,0.7687500000000069,204.07500000000002,205.125,204.95624999999998,0.06249999999999867,0.03249999999999975,0.45625000000000027,0.5175000000000002,2.5368749999999993,2.11625,-0.25,-0.25,4.86125,4.7299999999999995,1.7556250000000002,1.6343750000000001,4.629375,2.4043750000000004,4.883125000000001,4.72375,2.280625,5.054375,2.275625,2.29875
259,20.49375,20.28125,20.278125000000003,0.052499999999999214,0.05812499999999943,0.056250000000000466,7.833750000000002,6.699375000000001,6.749999999999999,7.653750000000001,8.79375,7.145625,-0.056249999999999356,0.29375000000000095,-0.25,-0.25,206.04375000000002,206.15624999999997,206.99999999999997,209.49375,205.3125,209.775,0.7312499999999944,0.5249999999999921,0.6187500000000068,202.78125,204.95624999999998,204.65624999999997,0.06249999999999867,0.03249999999999975,0.4568749999999999,0.516875,2.6056250000000003,3.4399999999999995,-0.25,-0.25,4.86125,4.7575,1.7512499999999998,1.6375000000000002,4.619999999999999,2.4043750000000004,4.880624999999999,4.724374999999999,2.28125,5.055,2.27625,2.29875
260,20.49375,20.28125,20.28125,0.05437499999999984,0.05812499999999943,0.05437499999999984,7.833750000000002,6.699375000000001,6.749999999999999,7.653750000000001,8.79375,7.145625,-0.0593750000000004,0.3062499999999996,-0.25,-0.25,205.65,205.89375,205.81875,208.95,205.14375,208.96875,0.31875000000000653,0.6374999999999964,0.6374999999999964,202.9875,204.825,204.09375,0.06249999999999867,0.03312499999999996,0.45750000000000013,0.516875,2.7125,2.154375,-0.25,-0.25,4.78875,4.768750000000001,1.7462499999999999,1.6325,4.61875,2.4031249999999997,4.8812500000000005,4.722499999999999,2.280625,5.0512500000000005,2.275625,2.2975000000000003
261,20.490625,20.28125,20.278125000000003,0.052499999999999214,0.056250000000000466,0.05812499999999943,7.833750000000002,6.70125,6.748125,7.653750000000001,8.795625000000001,7.145625,-0.06562499999999971,0.30000000000000027,-0.25,-0.25,205.3125,205.74375,205.50000000000003,208.74374999999998,204.50625,210.07500000000002,0.5437499999999984,0.5249999999999921,0.33749999999999614,203.4375,204.6375,204.09375,0.06249999999999867,0.03312499999999996,0.4568749999999999,0.5162499999999998,2.39875,2.8793749999999996,-0.25,-0.25,4.88875,4.7275,1.7581249999999997,1.6125,4.621874999999999,2.40375,4.8793750000000005,4.7275,2.28,5.0531250000000005,2.276875,2.2993750000000004
262,20.490625,20.28125,20.275,0.052499999999999214,0.05812499999999943,0.056250000000000466,7.833750000000002,6.70125,6.749999999999999,7.655625000000001,8.79375,7.145625,-0.06874999999999937,0.2968749999999992,-0.25,-0.25,203.85,204.54375000000002,204.50625,207.16875,202.8375,207.88125,-0.7687499999999986,-0.8437499999999987,-0.7687499999999986,201.33749999999998,202.89374999999998,202.66875,0.06249999999999867,0.03312499999999996,0.45625000000000027,0.516875,2.9412499999999997,2.17375,-0.25,-0.25,4.848125,4.755000000000001,1.7643750000000002,1.6168749999999998,4.626875,2.40375,4.8793750000000005,4.728750000000001,2.279375,5.051875,2.27625,2.3
263,20.465625,20.256249999999998,20.275,0.052499999999999214,0.05812499999999943,0.056250000000000466,7.8412500000000005,6.70125,6.749999999999999,7.653750000000001,8.780625,7.145625,-0.0593750000000004,0.30000000000000027,-0.25,-0.25,204.09375,204.61875,205.05,207.71249999999998,203.53125,208.74374999999998,-0.28125000000000233,-0.2250000000000002,-0.16874999999999807,202.725,204.825,204.88125,0.06249999999999867,0.03312499999999996,0.4568749999999999,0.5149999999999999,2.3312500000000003,2.9293749999999994,-0.25,-0.25,4.8375,4.74625,1.75,1.645625,4.63125,2.4025000000000003,4.883125000000001,4.7250000000000005,2.2775,5.051875,2.276875,2.2993750000000004
264,20.465625,20.256249999999998,20.275,0.05437499999999984,0.05812499999999943,0.056250000000000466,7.84875,6.70125,6.749999999999999,7.653750000000001,8.77875,7.145625,-0.06250000000000006,0.3031250000000013,-0.25,-0.25,205.9875,206.39999999999998,206.8125,209.92499999999998,205.8,210.76874999999998,1.0874999999999968,1.050000000000001,0.9749999999999925,204.225,205.38750000000002,205.50000000000003,0.06249999999999867,0.03312499999999996,0.45750000000000013,0.5143750000000002,2.8037500000000004,2.2718749999999996,-0.25,-0.25,4.8462499999999995,4.768750000000001,1.7612499999999998,1.62875,4.629375,2.405,4.880624999999999,4.72375,2.27875,5.055,2.27875,2.3012500000000005
265,20.468750000000004,20.256249999999998,20.278125000000003,0.05437499999999984,0.06000000000000005,0.056250000000000466,7.84875,6.699375000000001,6.749999999999999,7.651874999999999,8.77875,7.145625,-0.07500000000000007,0.28749999999999887,-0.25,-0.25,205.76250000000002,206.39999999999998,206.64375,209.7375,204.52499999999998,209.83125,1.0874999999999968,0.8437499999999987,0.41250000000000453,202.875,205.38750000000002,204.825,0.06249999999999867,0.03312499999999996,0.45750000000000013,0.5156250000000001,2.46,3.0406250000000004,-0.25,-0.25,4.8168750000000005,4.749375000000001,1.7612499999999998,1.6175000000000002,4.629375,2.4043750000000004,4.8793750000000005,4.721875,2.2781249999999997,5.051875,2.2775,2.300625
266,20.465625,20.256249999999998,20.265625,0.05437499999999984,0.05812499999999943,0.056250000000000466,7.850624999999999,6.699375000000001,6.749999999999999,7.653750000000001,8.77875,7.145625,-0.056249999999999356,0.30000000000000027,-0.25,-0.25,205.66875,205.89375,206.02499999999998,208.59375,205.05,209.45624999999998,0.4500000000000004,0.6374999999999964,0.6937499999999985,203.30625,204.65624999999997,204.225,0.06249999999999867,0.03312499999999996,0.4568749999999999,0.5149999999999999,2.750625,2.035,-0.25,-0.25,4.838125,4.716875,1.7675,1.6481249999999998,4.6362499999999995,2.4043750000000004,4.880624999999999,4.724374999999999,2.2775,5.0525,2.27625,2.3012500000000005
267,20.4625,20.259375000000002,20.25,0.052499999999999214,0.05812499999999943,0.056250000000000466,7.84875,6.70125,6.749999999999999,7.653750000000001,8.77875,7.145625,-0.06250000000000006,0.3062499999999996,-0.25,-0.25,205.20000000000002,205.18125,205.85625,208.74374999999998,204.84375,209.88750000000002,0.33749999999999614,0.281249999999994,0.41250000000000453,203.4375,204.4875,204.75,0.06249999999999867,0.03312499999999996,0.45750000000000013,0.5156250000000001,2.4212499999999997,3.3425000000000002,-0.25,-0.25,4.838750000000001,4.7575,1.768125,1.5981250000000002,4.6362499999999995,2.405,4.8793750000000005,4.726875000000001,2.280625,5.055625,2.2775,2.3031249999999996
268,20.4625,20.256249999999998,20.25,0.052499999999999214,0.05812499999999943,0.056250000000000466,7.84875,6.70125,6.749999999999999,7.653750000000001,8.77875,7.145625,-0.07500000000000007,0.3031250000000013,-0.25,-0.25,204.0375,204.50625,204.58124999999998,207.29999999999998,203.23125000000002,207.88125,-0.8624999999999966,-0.9562500000000029,-0.8250000000000007,201.31875,203.49375,202.8,0.06249999999999867,0.03312499999999996,0.45750000000000013,0.5156250000000001,2.7893749999999997,2.296875,-0.25,-0.25,4.855,4.668125,1.7712499999999998,1.611875,4.631875,2.40375,4.88,4.725625,2.281875,5.051875,2.27625,2.301875
269,20.465625,20.253125,20.25,0.05437499999999984,0.05812499999999943,0.056250000000000466,7.84875,6.699375000000001,6.749999999999999,7.653750000000001,8.77875,7.145625,-0.06250000000000006,0.30000000000000027,-0.25,-0.25,204.225,204.73125000000002,205.0875,207.225,203.73749999999998,208.65,-0.3562500000000024,-0.46874999999999833,-0.26249999999999607,202.51875,204.375,204.825,0.06249999999999867,0.03312499999999996,0.4568749999999999,0.5149999999999999,2.48625,2.7793749999999995,-0.25,-0.25,4.859375,4.74125,1.75875,1.6412500000000003,4.62875,2.4031249999999997,4.8812500000000005,4.729375,2.281875,5.054375,2.276875,2.301875
270,20.465625,20.49375,20.25,0.05437499999999984,0.05812499999999943,0.056250000000000466,7.84875,6.699375000000001,6.749999999999999,7.653750000000001,8.77875,7.145625,-0.06562499999999971,0.3031250000000013,-0.25,-0.25,206.28750000000002,206.68125,206.75625,210.16875,206.19375,210.99375,1.050000000000001,1.012500000000005,1.0874999999999968,204.09375,205.74375,205.44375000000002,0.06249999999999867,0.03312499999999996,0.45750000000000013,0.5149999999999999,2.56375,2.295,-0.25,-0.25,4.8687499999999995,4.766875000000001,1.7631249999999998,1.63375,4.623749999999999,2.40375,4.88,4.729375,2.28375,5.05625,2.279375,2.3012500000000005
271,20.465625,20.615624999999998,20.25,0.05437499999999984,0.05812499999999943,0.056250000000000466,7.84875,6.699375000000001,6.749999999999999,7.655625000000001,8.77875,7.145625,-0.07500000000000007,0.30000000000000027,-0.25,-0.25,205.5375,206.60625,206.7,209.79375,204.95624999999998,210.09375,0.7874999999999965,0.8625000000000049,0.5249999999999921,203.25,205.70625,204.84375,0.06249999999999867,0.03312499999999996,0.4568749999999999,0.5149999999999999,2.7618750000000003,2.9018750000000004,-0.25,-0.25,4.821875,4.718125,1.7525000000000002,1.6281250000000003,4.626875,2.4031249999999997,4.881875,4.7231250000000005,2.281875,5.05375,2.2781249999999997,2.29875
272,20.465625,20.621875,20.25,0.05437499999999984,0.05812499999999943,0.056250000000000466,7.850624999999999,6.699375000000001,6.749999999999999,7.655625000000001,8.77875,7.145625,-0.06250000000000006,0.30000000000000027,-0.25,-0.25,205.35,205.89375,206.49375,209.1,204.61875,209.775,0.5812499999999943,0.48749999999999627,0.6187500000000068,202.9875,204.675,204.675,0.06249999999999867,0.03312499999999996,0.45562500000000006,0.5162499999999998,2.3875,2.3612499999999996,-0.25,-0.25,4.823125,4.739375,1.745625,1.6068749999999998,4.633125,2.4025000000000003,4.882499999999999,4.7231250000000005,2.28125,5.055625,2.27875,2.3
273,20.465625,20.618750000000002,20.25,0.05437499999999984,0.05812499999999943,0.05812499999999943,7.84875,6.699375000000001,6.749999999999999,7.653750000000001,8.780625,7.147500000000001,-0.06250000000000006,0.3031250000000013,-0.25,-0.25,205.51875,205.8,205.50000000000003,208.875,204.95624999999998,209.75625,0.5062500000000025,0.31875000000000653,0.41250000000000453,203.325,204.3375,204.46875,0.06249999999999867,0.03312499999999996,0.45625000000000027,0.516875,2.8156250000000007,2.9400000000000004,-0.25,-0.25,4.88375,4.735,1.7725000000000002,1.6425,4.633125,2.4025000000000003,4.88,4.7250000000000005,2.28375,5.0531250000000005,2.2775,2.2993750000000004
274,20.465625,20.6125,20.275,0.052499999999999214,0.05812499999999943,0.056250000000000466,7.850624999999999,6.699375000000001,6.749999999999999,7.653750000000001,8.780625,7.145625,-0.06562499999999971,0.30000000000000027,-0.25,-0.25,205.21875,205.06875,204.8625,207.58124999999998,203.21249999999998,207.80625,-0.8437499999999987,-0.8062500000000028,-0.8250000000000007,201.2625,203.23125000000002,202.6875,0.06249999999999867,0.03312499999999996,0.45625000000000027,0.5156250000000001,2.4125,2.0518750000000003,-0.25,-0.25,4.8256250000000005,4.800624999999999,1.756875,1.640625,4.6343749999999995,2.40375,4.883125000000001,4.7250000000000005,2.2825,5.0512500000000005,2.275625,2.2981249999999998
275,20.465625,20.615624999999998,20.275,0.05437499999999984,0.05812499999999943,0.056250000000000466,7.84875,6.699375000000001,6.749999999999999,7.653750000000001,8.77875,7.145625,-0.07187500000000041,0.29375000000000095,-0.25,-0.25,203.79375,204.78750000000002,205.125,207.73125000000002,203.81249999999997,208.85625,-0.5624999999999963,-0.5437499999999984,-0.37500000000000033,202.55625,203.94375000000002,204.43125,0.06249999999999867,0.03312499999999996,0.45625000000000027,0.5181249999999998,2.79875,3.163125,-0.25,-0.25,4.858124999999999,4.775625,1.7562499999999996,1.63375,4.6375,2.40625,4.8843749999999995,4.725625,2.2831249999999996,5.051875,2.276875,2.3
276,20.465625,20.618750000000002,20.275,0.05437499999999984,0.05812499999999943,0.056250000000000466,7.850624999999999,6.699375000000001,6.749999999999999,7.653750000000001,8.77875,7.145625,-0.06562499999999971,0.2968749999999992,-0.25,-0.25,206.11875,206.6625,206.8125,210.3375,205.76250000000002,210.78750000000002,1.0312499999999947,1.1625000000000052,1.143749999999999,203.79375,206.02499999999998,205.4625,0.06249999999999867,0.03375000000000017,0.45625000000000027,0.5193750000000003,2.394375,2.475625,-0.25,-0.25,4.844374999999999,4.71875,1.755,1.620625,4.63875,2.406875,4.882499999999999,4.7250000000000005,2.2843750000000003,5.05,2.276875,2.29875
277,20.465625,20.621875,20.275,0.056250000000000466,0.05812499999999943,0.056250000000000466,7.84875,6.699375000000001,6.748125,7.653750000000001,8.77875,7.145625,-0.06874999999999937,0.3031250000000013,-0.25,-0.25,205.8,206.00625,206.71875,209.04375,205.6875,209.88750000000002,1.012500000000005,0.6374999999999964,0.5249999999999921,203.28750000000002,205.14375,204.46875,0.06249999999999867,0.03375000000000017,0.45625000000000027,0.5175000000000002,2.8725,2.6587499999999995,-0.25,-0.25,4.843125000000001,4.764374999999999,1.7525000000000002,1.6062500000000002,4.638125,2.405,4.88375,4.726875000000001,2.281875,5.05,2.27625,2.2981249999999998
278,20.465625,20.618750000000002,20.278125000000003,0.05437499999999984,0.05812499999999943,0.05812499999999943,7.84875,6.70125,6.748125,7.668749999999999,8.780625,7.145625,-0.06874999999999937,0.2968749999999992,-0.25,-0.25,205.57500000000002,205.93125,206.68125,209.38125,204.31875,209.85,0.48749999999999627,0.8062500000000028,0.5625000000000047,203.38125,204.69375,205.21875,0.06249999999999867,0.03375000000000017,0.45625000000000027,0.5175000000000002,2.35375,2.401875,-0.25,-0.25,4.85875,4.7387500000000005,1.756875,1.645625,4.630625,2.405,4.883125000000001,4.728750000000001,2.2825,5.05375,2.27875,2.2981249999999998
279,20.465625,20.618750000000002,20.28125,0.052499999999999214,0.05812499999999943,0.056250000000000466,7.850624999999999,6.70125,6.748125,7.668749999999999,8.77875,7.145625,-0.06250000000000006,0.3031250000000013,-0.25,-0.25,205.51875,205.51875,205.76250000000002,208.85625,204.9,209.75625,0.33749999999999614,0.4500000000000004,0.5625000000000047,203.175,204.76874999999998,204.15,0.06249999999999867,0.03312499999999996,0.45625000000000027,0.5199999999999999,2.7893749999999997,2.8081250000000004,-0.25,-0.25,4.871875,4.811875,1.7625000000000002,1.6243750000000001,4.623749999999999,2.40375,4.882499999999999,4.72375,2.28375,5.051875,2.2781249999999997,2.29625
280,20.465625,20.618750000000002,20.278125000000003,0.05437499999999984,0.05812499999999943,0.056250000000000466,7.84875,6.699375000000001,6.749999999999999,7.668749999999999,8.77875,7.145625,-0.06874999999999937,0.3062499999999996,-0.25,-0.25,205.0875,205.50000000000003,205.40625,207.97500000000002,203.15625000000003,208.1625,-0.7312500000000027,-0.7124999999999965,-0.7874999999999965,201.2625,202.9875,203.04375000000002,0.06249999999999867,0.03375000000000017,0.45499999999999985,0.5193750000000003,2.541875,2.445,-0.25,-0.25,4.839375,4.7275,1.7643750000000002,1.60875,4.625624999999999,2.4031249999999997,4.8843749999999995,4.7231250000000005,2.280625,5.055,2.276875,2.295
281,20.465625,20.618750000000002,20.275,0.05437499999999984,0.05812499999999943,0.056250000000000466,7.84875,6.70125,6.748125,7.668749999999999,8.77875,7.145625,-0.07187500000000041,0.30000000000000027,-0.25,-0.25,203.775,204.675,204.88125,207.20625,203.79375,208.95,-0.46874999999999833,-0.5250000000000005,-0.4500000000000004,202.18124999999998,203.98125,203.92499999999998,0.06249999999999867,0.03375000000000017,0.45562500000000006,0.5181249999999998,2.591875,2.8425000000000002,-0.25,-0.25,4.848749999999999,4.75625,1.7543750000000002,1.6393750000000002,4.628125,2.4043750000000004,4.8812500000000005,4.726875000000001,2.280625,5.054375,2.276875,2.2975000000000003
282,20.465625,20.59375,20.275,0.052499999999999214,0.05812499999999943,0.056250000000000466,7.850624999999999,6.70125,6.748125,7.6706249999999985,8.77875,7.145625,-0.06250000000000006,0.3031250000000013,-0.25,-0.25,206.08124999999998,206.625,206.98125,209.8125,205.14375,210.525,1.0874999999999968,1.0874999999999968,1.0687500000000072,203.90625,206.00625,205.36874999999998,0.06249999999999867,0.03375000000000017,0.45562500000000006,0.51875,2.6837500000000003,2.1431250000000004,-0.25,-0.25,4.815,4.74125,1.7425000000000002,1.60875,4.631875,2.40375,4.8812500000000005,4.72375,2.2825,5.0512500000000005,2.27625,2.294375
283,20.465625,20.59375,20.275,0.056250000000000466,0.06000000000000005,0.056250000000000466,7.850624999999999,6.70125,6.749999999999999,7.6706249999999985,8.77875,7.145625,-0.06250000000000006,0.3124999999999989,-0.25,-0.25,205.8,206.55,206.00625,209.23125000000002,205.50000000000003,210.05624999999998,0.9374999999999967,0.7125000000000048,0.9562500000000029,203.775,205.18125,204.88125,0.06249999999999867,0.03375000000000017,0.45499999999999985,0.5193750000000003,2.446875,2.9818750000000005,-0.25,-0.25,4.859999999999999,4.699999999999999,1.7612499999999998,1.6143750000000001,4.631875,2.40375,4.883125000000001,4.7250000000000005,2.281875,5.0525,2.27625,2.2956250000000002
284,20.465625,20.59375,20.275,0.05437499999999984,0.05812499999999943,0.056250000000000466,7.850624999999999,6.699375000000001,6.748125,7.6706249999999985,8.780625,7.145625,-0.07187500000000041,0.3031250000000013,-0.25,-0.25,205.29375,206.38125,206.30625,209.08124999999998,204.84375,209.6625,0.9562500000000029,0.7687500000000069,0.4500000000000004,202.89374999999998,205.03125,205.21875,0.06875000000000075,0.03375000000000017,0.45562500000000006,0.5199999999999999,2.711875,2.7643750000000002,-0.25,-0.25,4.84375,4.776249999999999,1.77,1.6212500000000003,4.62875,2.405625,4.880624999999999,4.7281249999999995,2.28125,5.0525,2.27625,2.296875
285,20.465625,20.58125,20.278125000000003,0.05437499999999984,0.05812499999999943,0.056250000000000466,7.850624999999999,6.699375000000001,6.748125,7.668749999999999,8.780625,7.143749999999999,-0.056249999999999356,0.3031250000000013,-0.25,-0.25,205.65,205.85625,205.51875,208.49999999999997,204.8625,209.00625,0.41250000000000453,0.6187500000000068,0.2625000000000044,202.9875,204.61875,204.58124999999998,0.06249999999999867,0.03312499999999996,0.45562500000000006,0.521875,2.43125,2.5375000000000005,-0.25,-0.25,4.854374999999999,4.74625,1.7706250000000001,1.6281250000000003,4.63375,2.405,4.8812500000000005,4.7275,2.281875,5.05,2.27625,2.29625
286,20.4625,20.56875,20.275,0.052499999999999214,0.05812499999999943,0.056250000000000466,7.84875,6.699375000000001,6.749999999999999,7.668749999999999,8.77875,7.145625,-0.06874999999999937,0.30000000000000027,-0.25,-0.25,205.59375,205.48125,205.59375,208.63125000000002,204.07500000000002,208.4625,-0.4124999999999962,-0.5250000000000005,-0.6750000000000006,201.41250000000002,202.7625,203.08124999999998,0.06249999999999867,0.03312499999999996,0.45625000000000027,0.5199999999999999,2.864375,2.489375,-0.25,-0.25,4.835625,4.779999999999999,1.7618749999999999,1.6381250000000003,4.638125,2.40625,4.882499999999999,4.726875000000001,2.280625,5.054375,2.2775,2.296875
287,20.4625,20.56875,20.275,0.05437499999999984,0.05812499999999943,0.056250000000000466,7.84875,6.70125,6.749999999999999,7.668749999999999,8.77875,7.145625,-0.06874999999999937,0.30000000000000027,-0.25,-0.25,203.6625,204.39374999999998,204.46875,207.5625,203.6625,208.70625,-0.6750000000000006,-0.6937499999999985,-0.6000000000000005,201.9,204.11249999999998,203.475,0.06249999999999867,0.03312499999999996,0.45625000000000027,0.5199999999999999,2.3431249999999997,2.7087499999999998,-0.25,-0.25,4.855,4.7575,1.7625000000000002,1.6068749999999998,4.63375,2.40625,4.880624999999999,4.7231250000000005,2.281875,5.0512500000000005,2.27625,2.296875
288,20.465625,20.565624999999997,20.275,0.052499999999999214,0.05812499999999943,0.01687500000000064,7.84875,6.699375000000001,6.748125,7.668749999999999,8.77875,7.145625,-0.06250000000000006,0.2968749999999992,-0.25,-0.25,205.6875,206.28750000000002,206.64375,209.60625000000002,205.44375000000002,210.3375,0.8812499999999945,0.8812499999999945,0.8625000000000049,204.225,205.70625,205.40625,0.06249999999999867,0.03249999999999975,0.45562500000000006,0.5199999999999999,2.8937500000000007,2.4993749999999997,-0.25,-0.25,4.858124999999999,4.739375,1.7693750000000001,1.6756250000000001,4.628125,2.4043750000000004,4.882499999999999,4.721875,2.281875,5.0531250000000005,2.274375,2.294375
289,20.465625,20.54375,20.275,0.052499999999999214,0.05812499999999943,0.0093749999999998,7.850624999999999,6.699375000000001,6.748125,7.6706249999999985,8.77875,7.145625,-0.0593750000000004,0.3031250000000013,-0.25,-0.25,206.11875,206.34375000000003,206.325,209.25,205.29375,210.43125,0.6562500000000027,0.8249999999999924,0.6374999999999964,203.60625,205.14375,205.05,0.06249999999999867,0.03312499999999996,0.45625000000000027,0.5199999999999999,2.3756250000000003,2.7300000000000004,-0.25,-0.25,4.869375,4.694374999999999,1.760625,1.6256249999999999,4.620625,2.40625,4.882499999999999,4.726249999999999,2.2825,5.055,2.27625,2.2956250000000002
290,20.468750000000004,20.540625000000002,20.275,0.05437499999999984,0.05812499999999943,0.011250000000000426,7.84875,6.70125,6.748125,7.6706249999999985,8.780625,7.145625,-0.06874999999999937,0.30000000000000027,-0.25,-0.25,205.0125,206.175,206.56875,209.30625,204.65624999999997,209.5125,0.43124999999999414,0.7687500000000069,0.281249999999994,202.95,205.0125,204.675,0.06249999999999867,0.03312499999999996,0.45750000000000013,0.5199999999999999,2.7268749999999997,2.3899999999999997,-0.25,-0.25,4.81125,4.73125,1.7475,1.6199999999999997,4.618124999999999,2.405625,4.880624999999999,4.7231250000000005,2.2825,5.0531250000000005,2.275625,2.2956250000000002
291,20.465625,20.54375,20.278125000000003,0.052499999999999214,0.05812499999999943,0.0093749999999998,7.850624999999999,6.699375000000001,6.749999999999999,7.6706249999999985,8.77875,7.145625,-0.06562499999999971,0.2968749999999992,-0.25,-0.25,205.57500000000002,205.95,205.81875,208.55624999999998,204.60000000000002,209.34374999999997,0.43124999999999414,0.6374999999999964,0.46875000000000666,202.9875,204.43125,204.6375,0.06249999999999867,0.03249999999999975,0.4568749999999999,0.5181249999999998,2.519375,2.74625,-0.25,-0.2499375,4.878125,4.743125,1.7737500000000002,1.6218749999999997,4.62625,2.4043750000000004,4.88375,4.7250000000000005,2.2825,5.0531250000000005,2.275625,2.294375
292,20.465625,20.54375,20.278125000000003,0.05437499999999984,0.05812499999999943,0.052499999999999214,7.84875,6.70125,6.749999999999999,7.668749999999999,8.77875,7.145625,-0.056249999999999356,0.3062499999999996,-0.25,-0.25,204.825,205.875,205.5375,208.38750000000002,204.73125000000002,209.0625,-0.24374999999999813,-0.37500000000000033,-0.6000000000000005,201.39374999999998,202.61249999999998,202.875,0.06249999999999867,0.03249999999999975,0.45750000000000013,0.5199999999999999,2.641875,2.9781250000000004,-0.25,-0.25,4.87125,4.828125,1.7631249999999998,1.645625,4.63,2.405,4.88375,4.7299999999999995,2.2825,5.05625,2.276875,2.2981249999999998
293,20.487499999999997,20.537499999999998,20.278125000000003,0.05437499999999984,0.05812499999999943,0.056250000000000466,7.84875,6.699375000000001,6.748125,7.668749999999999,8.791875000000001,7.145625,-0.06562499999999971,0.30000000000000027,-0.25,-0.25,203.55,204.225,204.35625,207.6375,203.4,208.10625000000002,-0.5812500000000026,-0.6187499999999985,-0.5250000000000005,201.71249999999998,203.6625,203.15625000000003,0.06249999999999867,0.03249999999999975,0.4568749999999999,0.5199999999999999,2.581875,2.450625,-0.25,-0.25,4.86375,4.7681249999999995,1.7593750000000004,1.5887499999999999,4.62875,2.4043750000000004,4.882499999999999,4.7275,2.2825,5.0531250000000005,2.27625,2.296875
294,20.490625,20.537499999999998,20.275,0.052499999999999214,0.05812499999999943,0.056250000000000466,7.835625,6.699375000000001,6.749999999999999,7.6706249999999985,8.79375,7.145625,-0.06250000000000006,0.29375000000000095,-0.25,-0.25,205.0125,206.19375,206.7,209.25,205.25625,210.45000000000002,0.9749999999999925,1.0687500000000072,1.0312499999999947,204.16875,205.5375,205.59375,0.06249999999999867,0.03249999999999975,0.45625000000000027,0.5193750000000003,2.5124999999999997,2.614375,-0.25,-0.25,4.87,4.75375,1.7793750000000004,1.6268749999999998,4.63,2.4031249999999997,4.885000000000001,4.724374999999999,2.2831249999999996,5.05625,2.2775,2.296875
295,20.49375,20.540625000000002,20.275,0.052499999999999214,0.05812499999999943,0.056250000000000466,7.833750000000002,6.70125,6.748125,7.6706249999999985,8.795625000000001,7.145625,-0.0593750000000004,0.3062499999999996,-0.25,-0.25,206.25,206.45624999999998,206.7,209.7375,205.48125,210.54375,0.5625000000000047,0.9187500000000071,0.9374999999999967,203.475,204.9375,204.975,0.06249999999999867,0.03249999999999975,0.45750000000000013,0.5193750000000003,2.74,2.6549999999999994,-0.25,-0.2499375,4.83375,4.7124999999999995,1.7462499999999999,1.6325,4.6325,2.405,4.88375,4.721875,2.2831249999999996,5.056875,2.2775,2.29875
296,20.490625,20.54375,20.275,0.052499999999999214,0.05812499999999943,0.05437499999999984,7.833750000000002,6.70125,6.749999999999999,7.6706249999999985,8.795625000000001,7.145625,-0.06874999999999937,0.30000000000000027,-0.25,-0.25,205.20000000000002,205.8375,206.25,209.00625,204.80625,209.6625,0.8812499999999945,0.6374999999999964,0.3562500000000024,202.8375,205.36874999999998,204.1875,0.06249999999999867,0.03249999999999975,0.45750000000000013,0.5193750000000003,2.3725,2.670625,-0.25,-0.25,4.860625,4.760625000000001,1.7575000000000003,1.631875,4.6343749999999995,2.405,4.88375,4.72125,2.2831249999999996,5.05375,2.275,2.29875
297,20.490625,20.51875,20.253125,0.052499999999999214,0.05812499999999943,0.056250000000000466,7.835625,6.70125,6.749999999999999,7.6706249999999985,8.79375,7.145625,-0.06874999999999937,0.30000000000000027,-0.25,-0.25,205.21875,205.55624999999998,205.85625,208.68750000000003,204.50625,209.025,0.46875000000000666,0.6000000000000005,0.46875000000000666,203.26874999999998,204.43125,205.125,0.06249999999999867,0.03249999999999975,0.45625000000000027,0.5181249999999998,2.8656250000000005,2.5843749999999996,-0.25,-0.25,4.8081249999999995,4.71875,1.756875,1.6125,4.63375,2.405,4.885625,4.7250000000000005,2.28375,5.054375,2.27625,2.29875
298,20.49375,20.515625,20.256249999999998,0.052499999999999214,0.05812499999999943,0.056250000000000466,7.833750000000002,6.70125,6.748125,7.6706249999999985,8.79375,7.145625,-0.0593750000000004,0.2968749999999992,-0.25,-0.25,205.03125,205.44375000000002,205.8375,209.1,205.10625,209.7375,0.07499999999999174,-0.07500000000000007,-0.5624999999999963,201.28125,203.41875000000002,202.7625,0.06249999999999867,0.03249999999999975,0.45625000000000027,0.51875,2.3825000000000003,2.636875,-0.25,-0.25,4.8568750000000005,4.770624999999999,1.746875,1.6049999999999998,4.625624999999999,2.405625,4.883125000000001,4.724374999999999,2.2843750000000003,5.0531250000000005,2.27625,2.29875
299,20.490625,20.5125,20.253125,0.052499999999999214,0.05812499999999943,0.056250000000000466,7.831874999999999,6.70125,6.748125,7.6706249999999985,8.795625000000001,7.143749999999999,-0.06874999999999937,0.30000000000000027,-0.25,-0.25,203.4375,203.90625,204.31875,207.54375000000002,203.175,208.10625000000002,-0.6374999999999964,-0.7687499999999986,-0.6750000000000006,201.8625,203.45625,203.30625,0.06249999999999867,0.03249999999999975,0.45562500000000006,0.5181249999999998,2.8093749999999993,2.5300000000000002,-0.25,-0.25,4.8812500000000005,4.706875,1.77,1.59875,4.62125,2.4043750000000004,4.8843749999999995,4.7250000000000005,2.2825,5.0512500000000005,2.2737499999999997,2.296875
300,20.490625,20.515625,20.246874999999996,0.05437499999999984,0.05812499999999943,0.056250000000000466,7.833750000000002,6.70125,6.748125,7.6706249999999985,8.79375,7.143749999999999,-0.06250000000000006,0.2968749999999992,-0.25,-0.25,204.43125,205.725,206.21249999999998,208.85625,205.18125,210.50625,0.8625000000000049,0.7312499999999944,0.8625000000000049,204.0375,205.59375,205.78125,0.06249999999999867,0.03249999999999975,0.45625000000000027,0.5175000000000002,2.401875,3.0881250000000007,-0.25,-0.25,4.852499999999999,4.771875,1.7581249999999997,1.6399999999999997,4.6225000000000005,2.4043750000000004,4.885625,4.728750000000001,2.2849999999999997,5.051875,2.275625,2.2981249999999998
301,20.490625,20.515625,20.246874999999996,0.05437499999999984,0.05812499999999943,0.056250000000000466,7.833750000000002,6.6899999999999995,6.749999999999999,7.6706249999999985,8.795625000000001,7.145625,-0.0593750000000004,0.2968749999999992,-0.25,-0.25,206.30625,206.45624999999998,206.79375,209.98125,205.65,210.31875000000002,0.8249999999999924,0.8062500000000028,1.050000000000001,203.4375,205.275,205.0125,0.06249999999999867,0.03249999999999975,0.45625000000000027,0.516875,2.78875,2.366875,-0.25,-0.25,4.802499999999999,4.748125,1.7393750000000003,1.6349999999999998,4.625,2.40625,4.8812500000000005,4.724374999999999,2.2849999999999997,5.050625,2.27625,2.3
302,20.490625,20.515625,20.25,0.05437499999999984,0.05812499999999943,0.056250000000000466,7.833750000000002,6.686249999999999,6.749999999999999,7.6706249999999985,8.795625000000001,7.145625,-0.06562499999999971,0.2968749999999992,-0.25,-0.25,205.4625,205.74375,206.0625,208.93125,204.88125,209.55,0.6000000000000005,0.6562500000000027,0.6562500000000027,203.00625,204.99375,204.52499999999998,0.06249999999999867,0.03249999999999975,0.45625000000000027,0.5175000000000002,2.40625,2.7318750000000005,-0.25,-0.25,4.805625,4.7631250000000005,1.7556250000000002,1.63875,4.629375,2.4043750000000004,4.8843749999999995,4.720625,2.2825,5.0512500000000005,2.275625,2.29875
303,20.490625,20.515625,20.253125,0.052499999999999214,0.05812499999999943,0.056250000000000466,7.833750000000002,6.684375000000001,6.749999999999999,7.6706249999999985,8.79375,7.145625,-0.06874999999999937,0.2968749999999992,-0.25,-0.25,205.18125,205.5375,206.28750000000002,208.81875000000002,204.43125,209.4375,0.7125000000000048,0.5249999999999921,0.5062500000000025,202.78125,204.8625,204.4125,0.06249999999999867,0.03249999999999975,0.4568749999999999,0.516875,2.7268749999999997,2.5431250000000007,-0.25,-0.25,4.85875,4.7524999999999995,1.768125,1.62875,4.630625,2.405625,4.885625,4.72125,2.28375,5.05,2.27625,2.301875
304,20.478125000000002,20.5,20.234375,0.05437499999999984,0.05812499999999943,0.056250000000000466,7.831874999999999,6.684375000000001,6.748125,7.668749999999999,8.79375,7.154999999999999,-0.056249999999999356,0.28749999999999887,-0.25,-0.25,204.99375,205.96875,205.48125,209.00625,204.9,209.775,0.374999999999992,0.39374999999999827,-0.018749999999997935,201.65625000000003,203.5875,202.6875,0.06249999999999867,0.03249999999999975,0.45625000000000027,0.5175000000000002,2.559375,2.7956250000000002,-0.25,-0.25,4.85375,4.758125,1.75875,1.6256249999999999,4.629375,2.40625,4.882499999999999,4.722499999999999,2.2831249999999996,5.04625,2.27625,2.301875
305,20.4625,20.490625,20.224999999999998,0.052499999999999214,0.05812499999999943,0.056250000000000466,7.846875000000001,6.684375000000001,6.749999999999999,7.668749999999999,8.795625000000001,7.160625,-0.056249999999999356,0.30000000000000027,-0.25,-0.25,203.15625000000003,203.86874999999998,204.31875,207.39375,203.19375,207.97500000000002,-0.6750000000000006,-0.7124999999999965,-0.5624999999999963,202.0125,203.41875000000002,203.4375,0.06249999999999867,0.03312499999999996,0.45625000000000027,0.516875,2.5031250000000007,2.45125,-0.25,-0.25,4.801875,4.775,1.755,1.650625,4.6362499999999995,2.405,4.8843749999999995,4.7250000000000005,2.28125,5.04875,2.275625,2.301875
306,20.4625,20.490625,20.224999999999998,0.05437499999999984,0.05812499999999943,0.056250000000000466,7.850624999999999,6.686249999999999,6.748125,7.6706249999999985,8.795625000000001,7.1625000000000005,-0.07187500000000041,0.3062499999999996,-0.25,-0.25,204.4875,205.35,205.36874999999998,208.875,205.0125,210.525,0.48749999999999627,0.7500000000000007,0.9374999999999967,204.00000000000003,205.6875,205.48125,0.06249999999999867,0.03249999999999975,0.4568749999999999,0.5175000000000002,2.7600000000000002,2.875,-0.25,-0.25,4.866875,4.746875,1.7743750000000003,1.6193750000000002,4.63875,2.40625,4.88375,4.725625,2.281875,5.0475,2.275625,2.3025
307,20.465625,20.487499999999997,20.224999999999998,0.05437499999999984,0.05812499999999943,0.056250000000000466,7.846875000000001,6.684375000000001,6.748125,7.6706249999999985,8.795625000000001,7.160625,-0.06562499999999971,0.2906249999999999,-0.25,-0.25,206.4375,206.325,207.45,210.16875,205.74375,210.28125,0.8812499999999945,1.106250000000003,1.1249999999999927,203.4,205.125,204.6375,0.06249999999999867,0.03312499999999996,0.4568749999999999,0.5175000000000002,2.4281249999999996,2.34,-0.25,-0.25,4.85125,4.710625,1.7643750000000002,1.6037499999999998,4.631875,2.405625,4.88375,4.7250000000000005,2.28125,5.046875,2.275625,2.3012500000000005
308,20.187500000000004,20.465625,20.203125,0.05437499999999984,0.05812499999999943,0.056250000000000466,7.84875,6.686249999999999,6.749999999999999,7.657499999999999,8.79375,7.160625,-0.06562499999999971,0.3031250000000013,-0.25,-0.25,205.95,206.25,205.78125,209.025,204.69375,209.60625000000002,0.4500000000000004,0.5625000000000047,0.6937499999999985,203.94375000000002,204.5625,204.8625,0.06249999999999867,0.03312499999999996,0.45625000000000027,0.5162499999999998,2.7175000000000002,3.2081249999999994,-0.25,-0.25,4.873125,4.745625,1.768125,1.6218749999999997,4.6274999999999995,2.40375,4.886875000000001,4.7275,2.28,5.050625,2.27625,2.3
309,20.10625,20.4625,20.200000000000003,0.05437499999999984,0.05812499999999943,0.056250000000000466,7.850624999999999,6.684375000000001,6.748125,7.653750000000001,8.79375,7.160625,-0.06874999999999937,0.2968749999999992,-0.25,-0.25,205.0125,205.63125000000002,206.68125,208.74374999999998,204.60000000000002,209.7375,0.48749999999999627,0.48749999999999627,0.39374999999999827,202.66875,204.9,204.5625,0.06249999999999867,0.03312499999999996,0.45750000000000013,0.5156250000000001,2.4175000000000004,2.330625,-0.25,-0.25,4.826875,4.8075,1.771875,1.6531249999999997,4.623125,2.405,4.8843749999999995,4.724374999999999,2.28,5.05,2.2775,2.3012500000000005
310,20.103125,20.465625,20.200000000000003,0.05437499999999984,0.05812499999999943,0.056250000000000466,7.84875,6.684375000000001,6.748125,7.653750000000001,8.79375,7.160625,-0.056249999999999356,0.2906249999999999,-0.25,-0.25,204.95624999999998,205.6875,205.9875,209.15625,204.675,209.1,-0.093749999999998,-0.33749999999999614,-0.6000000000000005,201.28125,203.04375000000002,202.6875,0.06249999999999867,0.03375000000000017,0.4568749999999999,0.5149999999999999,2.8225,2.7625,-0.25,-0.25,4.835625,4.766875000000001,1.745625,1.59125,4.625,2.40375,4.883125000000001,4.72125,2.279375,5.049375,2.276875,2.29875
311,20.103125,20.4625,20.200000000000003,0.052499999999999214,0.05812499999999943,0.013124999999999387,7.84875,6.684375000000001,6.749999999999999,7.655625000000001,8.795625000000001,7.160625,-0.0593750000000004,0.30000000000000027,-0.25,-0.25,203.60625,204.09375,204.39374999999998,207.20625,203.10000000000002,208.40625,-0.5062500000000025,-0.48749999999999627,-0.5062500000000025,201.54375000000002,203.60625,203.98125,0.06249999999999867,0.03375000000000017,0.45625000000000027,0.516875,2.32875,2.461875,-0.25,-0.25,4.82625,4.744375,1.7706250000000001,1.6343750000000001,4.631875,2.4025000000000003,4.885625,4.725625,2.27875,5.05375,2.2781249999999997,2.2993750000000004
312,20.125,20.459375,20.200000000000003,0.052499999999999214,0.05812499999999943,0.0093749999999998,7.850624999999999,6.686249999999999,6.749999999999999,7.655625000000001,8.795625000000001,7.160625,-0.06874999999999937,0.29375000000000095,-0.25,-0.25,205.35,206.19375,206.39999999999998,209.75625,205.8375,210.8625,1.012500000000005,1.012500000000005,1.0687500000000072,203.9625,205.9125,205.125,0.06249999999999867,0.03375000000000017,0.4581249999999998,0.5181249999999998,2.90625,2.9974999999999996,-0.25,-0.25,4.871875,4.761875,1.7643750000000002,1.61875,4.6325,2.405,4.88375,4.7250000000000005,2.28125,5.049375,2.2781249999999997,2.3012500000000005
313,20.128125,20.459375,20.200000000000003,0.052499999999999214,0.05812499999999943,0.0093749999999998,7.850624999999999,6.686249999999999,6.749999999999999,7.653750000000001,8.79375,7.160625,-0.0593750000000004,0.2906249999999999,-0.25,-0.25,205.1625,205.81875,205.44375000000002,208.03125,203.68124999999998,208.55624999999998,-0.26249999999999607,-0.37500000000000033,-0.5062500000000025,201.91875,203.4,203.92499999999998,0.06249999999999867,0.03375000000000017,0.4581249999999998,0.5156250000000001,2.3893750000000002,2.2681249999999995,-0.2499375,-0.25,4.802499999999999,4.71125,1.7543750000000002,1.6175000000000002,4.63125,2.40375,4.88375,4.724374999999999,2.279375,5.048125,2.27875,2.300625
314,20.128125,20.4625,20.196875,0.05437499999999984,0.05812499999999943,0.013124999999999387,7.84875,6.684375000000001,6.749999999999999,7.653750000000001,8.79375,7.160625,-0.0593750000000004,0.2968749999999992,-0.25,-0.25,205.81875,206.25,206.175,209.39999999999998,205.42499999999998,210.0375,0.9937499999999988,1.0312499999999947,0.8437499999999987,203.94375000000002,205.48125,205.48125,0.06249999999999867,0.03375000000000017,0.45875,0.5149999999999999,2.7,3.0825000000000005,-0.25,-0.2499375,4.929375,4.7143749999999995,1.7725000000000002,1.61125,4.6343749999999995,2.4043750000000004,4.885625,4.726875000000001,2.28,5.04875,2.2781249999999997,2.301875
315,20.128125,20.465625,20.196875,0.05437499999999984,0.05812499999999943,0.05437499999999984,7.84875,6.684375000000001,6.749999999999999,7.653750000000001,8.79375,7.160625,-0.07187500000000041,0.30000000000000027,-0.25,-0.25,205.42499999999998,206.5875,206.5125,209.26874999999998,205.57500000000002,210.35625,0.9562500000000029,0.5249999999999921,0.5812499999999943,203.15625000000003,205.48125,204.60000000000002,0.06249999999999867,0.03375000000000017,0.4593750000000002,0.5175000000000002,2.6075000000000004,2.17625,-0.25,-0.25,4.836875000000001,4.73375,1.7743750000000003,1.63125,4.6375,2.4043750000000004,4.88375,4.7275,2.28125,5.045625,2.2775,2.3025
316,20.153125,20.465625,20.203125,0.05437499999999984,0.05812499999999943,0.056250000000000466,7.850624999999999,6.684375000000001,6.748125,7.653750000000001,8.795625000000001,7.160625,-0.06874999999999937,0.3062499999999996,-0.25,-0.25,205.21875,205.8,206.02499999999998,209.1375,204.825,209.45624999999998,0.5249999999999921,0.9187500000000071,0.33749999999999614,203.41875000000002,204.60000000000002,204.58124999999998,0.06249999999999867,0.03375000000000017,0.45875,0.5181249999999998,2.5331250000000005,3.2906250000000004,-0.25,-0.25,4.81625,4.730625000000001,1.7612499999999998,1.615625,4.638125,2.4031249999999997,4.8843749999999995,4.729375,2.280625,5.0475,2.27875,2.3025
317,20.156249999999996,20.4625,20.203125,0.052499999999999214,0.05812499999999943,0.056250000000000466,7.850624999999999,6.684375000000001,6.748125,7.653750000000001,8.795625000000001,7.160625,-0.06250000000000006,0.2968749999999992,-0.25,-0.25,205.3125,205.76250000000002,205.93125,208.49999999999997,204.84375,209.41875000000002,0.5437499999999984,0.24374999999999813,0.4500000000000004,203.325,204.61875,204.60000000000002,0.06249999999999867,0.03312499999999996,0.4581249999999998,0.5162499999999998,2.641875,2.27625,-0.25,-0.25,4.91,4.768750000000001,1.7793750000000004,1.6399999999999997,4.635,2.40375,4.885000000000001,4.7275,2.280625,5.05,2.2781249999999997,2.3031249999999996
318,20.153125,20.4625,20.200000000000003,0.05437499999999984,0.05812499999999943,0.056250000000000466,7.850624999999999,6.684375000000001,6.749999999999999,7.653750000000001,8.795625000000001,7.160625,-0.06874999999999937,0.30000000000000027,-0.25,-0.25,205.05,205.05,205.3125,208.36874999999998,204.07500000000002,208.42499999999998,-0.7687499999999986,-0.7124999999999965,-0.7874999999999965,201.05625,203.25,202.61249999999998,0.06249999999999867,0.03375000000000017,0.4581249999999998,0.516875,2.5387499999999994,2.8674999999999997,-0.25,-0.25,4.829375000000001,4.73375,1.76375,1.5949999999999998,4.6274999999999995,2.4043750000000004,4.882499999999999,4.72375,2.280625,5.046875,2.27625,2.3031249999999996
319,20.159375,20.4625,20.206249999999997,0.05437499999999984,0.05812499999999943,0.056250000000000466,7.84875,6.684375000000001,6.749999999999999,7.657499999999999,8.795625000000001,7.160625,-0.06874999999999937,0.29375000000000095,-0.25,-0.25,203.5875,204.4875,204.8625,207.39375,203.475,208.51875,-0.5437499999999984,-0.5062500000000025,-0.6187499999999985,202.25625000000002,203.5125,204.20625,0.06249999999999867,0.03375000000000017,0.4581249999999998,0.516875,2.6631249999999995,2.29375,-0.25,-0.25,4.836875000000001,4.705,1.7462499999999999,1.6262500000000002,4.626875,2.40375,4.885000000000001,4.726875000000001,2.27875,5.04875,2.2775,2.301875
